0,1,2,3,4,5,6,7,8,9,10,11,12,13,14,15,16,17,18,19,prediction
0,30,2,1,3857,0,2,4,0,0,4,1,40,2,1,1,3,1,1,0,0
3,24,3,9,2375,2,2,4,2,0,2,2,44,2,1,2,2,2,1,0,0
3,36,4,9,6304,4,4,4,2,0,4,0,36,2,1,2,2,1,0,0,0
0,30,4,1,6187,1,3,1,3,0,4,2,24,2,0,2,2,1,0,0,0
1,48,3,9,6681,4,2,4,2,0,4,3,38,2,2,1,2,2,1,0,0
3,27,3,9,5117,0,3,3,2,0,4,2,26,2,1,2,2,1,0,0,0
3,27,3,1,8613,3,2,2,2,0,2,2,27,2,1,2,2,1,0,0,0
2,15,2,7,392,0,1,4,1,0,4,1,23,2,0,1,2,1,1,0,0
3,24,2,0,2255,4,1,4,2,0,1,1,54,2,1,1,2,1,0,0,0
0,36,2,3,3959,0,0,4,2,0,3,1,30,2,1,1,3,1,1,0,0
1,21,4,3,2745,3,3,3,2,0,2,2,32,2,1,2,2,1,1,0,0
3,36,2,9,7409,4,4,3,2,0,2,1,37,2,1,2,2,1,0,0,0
1,9,2,0,3195,4,2,1,1,0,2,0,33,2,1,1,1,1,0,0,0
3,9,2,3,1313,0,4,1,2,0,4,2,20,2,1,1,2,1,0,0,0
2,24,2,4,1377,1,4,4,1,0,2,3,47,2,2,1,2,1,1,0,0
0,12,4,1,1409,0,4,4,2,0,3,0,54,2,1,1,2,1,0,0,0
3,10,2,0,1418,1,2,3,2,0,2,0,35,2,0,1,1,1,0,1,0
2,42,4,1,4796,0,4,4,2,0,4,3,56,2,2,1,2,1,0,0,0
3,6,2,3,1543,3,2,4,0,0,2,0,33,2,1,1,2,1,0,0,0
0,10,4,0,1038,0,3,4,2,1,3,1,49,2,1,2,2,1,1,0,0
3,6,2,7,1538,0,1,1,1,0,2,3,56,2,1,1,2,1,0,0,0
2,42,0,9,6289,0,1,2,0,0,1,1,33,2,1,2,2,1,0,0,0
1,12,2,0,1007,3,2,4,3,0,1,0,22,2,1,1,2,1,0,0,0
1,20,3,2,2629,0,2,2,2,0,3,2,29,0,1,2,2,1,1,0,0
0,24,2,4,1603,0,4,4,1,0,4,2,55,2,1,1,2,1,0,0,0
0,48,2,1,4788,0,3,4,2,0,3,1,26,2,1,1,2,2,0,0,0
3,11,4,4,1154,1,0,4,1,0,4,0,57,2,1,3,1,1,0,0,0
0,6,4,0,609,0,3,4,1,0,3,1,37,2,1,2,2,1,0,1,0
3,12,2,1,2445,4,1,2,3,0,4,2,26,2,0,1,2,1,1,0,0
3,18,4,3,1817,0,2,4,1,0,2,3,28,2,1,2,2,1,0,0,0
3,12,2,4,2141,1,3,3,2,0,1,3,35,2,1,1,2,1,0,0,0
2,6,4,0,1299,0,2,1,2,0,1,0,74,2,1,3,0,2,0,1,0
1,18,2,7,1239,4,2,4,2,0,4,3,61,2,2,1,2,1,0,0,0
3,12,4,7,2748,0,4,2,1,0,4,3,57,0,2,3,1,1,0,0,0
3,15,2,5,874,4,1,4,1,0,1,0,24,2,1,1,2,1,0,0,0
1,24,2,4,1967,0,4,4,1,0,4,2,20,2,1,1,2,1,1,0,0
1,12,2,0,2002,0,3,3,2,0,4,1,30,2,0,1,2,2,1,0,0
0,15,2,4,1053,0,1,4,3,0,2,0,27,2,1,1,2,1,0,1,0
3,6,4,4,700,4,4,4,2,0,4,3,36,2,2,2,2,1,0,0,0
0,12,2,4,701,0,2,4,3,0,2,0,40,2,1,1,1,1,0,0,0
3,18,3,4,2320,0,0,2,3,0,3,0,34,2,1,2,2,1,0,0,0
1,12,2,4,1158,2,2,3,0,0,1,2,26,2,1,1,2,1,1,0,0
3,12,2,4,886,4,2,4,1,0,2,2,21,2,1,1,2,1,0,0,0
2,24,2,4,1258,2,2,3,1,0,3,2,57,2,1,1,1,1,0,0,0
3,30,3,9,4272,1,2,2,2,0,2,1,26,2,1,2,1,1,0,0,0
3,10,2,0,1546,0,2,3,2,0,2,0,31,2,1,1,1,2,0,1,0
1,18,3,6,6204,0,2,2,2,0,4,0,44,2,1,1,1,2,1,0,0
3,21,2,3,2241,0,4,4,2,0,2,0,50,2,1,2,2,1,0,0,0
1,15,4,9,2326,2,2,2,2,0,4,2,27,0,1,1,2,1,0,0,0
1,30,2,4,1715,4,2,4,1,0,1,2,26,2,1,1,2,1,0,0,0
0,10,2,4,2315,0,4,3,2,0,4,0,52,2,1,1,1,1,0,0,0
3,36,2,4,2299,2,4,4,2,0,4,2,39,2,1,1,2,1,0,0,0
3,30,4,1,7596,4,4,1,2,0,4,2,63,2,1,2,2,1,0,0,0
2,18,2,0,1961,0,4,3,1,0,2,2,23,2,1,1,3,1,0,0,0
1,24,4,9,2825,4,3,4,2,0,3,3,34,2,1,2,2,2,1,0,0
1,18,2,9,2622,1,2,4,2,0,4,2,34,2,1,1,2,1,0,0,0
0,15,3,3,3643,0,4,1,1,0,4,1,27,2,1,2,1,1,0,0,0
1,6,2,4,2063,0,1,4,3,0,3,2,30,2,0,1,3,1,1,0,0
3,36,2,0,909,2,4,4,2,0,4,1,36,2,1,1,2,1,0,0,0
3,6,4,3,1221,4,2,1,3,0,2,1,27,2,1,2,2,1,0,0,0
3,36,4,1,11054,4,2,4,2,0,2,2,30,2,1,1,3,1,1,0,0
0,30,4,1,10623,0,4,3,2,0,4,3,38,2,2,3,3,2,1,0,0
3,12,2,1,4675,4,1,1,1,0,4,2,20,2,0,1,2,1,0,0,0
3,24,4,1,4042,4,3,3,2,0,4,1,43,2,1,2,2,1,1,0,0
0,6,2,4,2647,2,2,2,2,0,3,0,44,2,0,1,2,2,0,0,0
3,24,3,3,4151,1,2,2,2,0,3,1,35,2,1,2,2,1,0,0,0
3,12,4,4,1655,0,4,2,2,0,4,0,63,2,1,2,1,1,1,0,0
3,15,2,4,1979,4,4,4,2,0,2,2,35,2,1,1,2,1,0,0,0
0,15,2,0,1403,0,2,2,1,0,4,2,28,2,0,1,2,1,0,0,0
0,6,2,1,1352,2,0,1,1,0,2,1,23,2,0,1,0,1,1,0,0
3,36,4,4,3342,4,4,4,2,0,2,2,51,2,1,1,2,1,1,0,0
3,24,2,3,929,4,3,4,2,0,2,2,31,1,1,1,2,1,1,0,0
1,10,2,3,1521,0,2,4,0,0,2,2,31,2,1,1,1,1,0,0,0
3,12,2,4,2279,4,2,4,2,0,4,3,37,2,2,1,2,1,1,0,0
3,24,3,9,3863,0,2,1,2,0,2,3,32,2,2,1,2,1,0,0,0
0,6,4,3,1872,0,0,4,2,0,4,3,36,2,2,3,3,1,1,0,0
3,9,4,0,2134,0,2,4,2,0,4,2,48,2,1,3,2,1,1,0,0
0,18,2,3,3650,0,1,1,1,0,4,2,22,2,0,1,2,1,0,0,0
3,10,4,3,2146,0,1,1,1,0,3,0,23,2,0,2,2,1,0,0,0
1,12,2,0,6078,0,3,2,2,0,2,2,32,2,1,1,2,1,0,0,0
1,11,2,3,1577,3,1,4,1,0,1,0,20,2,1,1,2,1,0,0,0
0,12,1,8,339,0,4,4,3,0,1,2,45,0,1,1,1,1,0,0,0
3,6,2,4,2108,0,3,2,3,0,2,0,29,2,0,1,2,1,0,0,0
3,21,4,3,2288,0,1,4,1,0,4,1,23,2,1,1,2,1,1,0,0
1,24,2,0,1201,0,1,4,2,0,1,1,26,2,1,1,2,1,0,0,0
1,6,3,3,1050,0,0,4,2,0,1,1,35,1,1,2,3,1,1,0,0
0,30,2,3,3622,3,4,4,1,0,4,1,57,2,0,2,2,1,1,0,0
3,15,2,5,1262,2,3,4,2,0,3,1,36,2,1,2,2,1,1,0,0
3,15,4,7,1532,1,2,4,1,0,3,2,31,2,1,1,2,1,0,0,0
3,24,2,3,5511,1,2,4,2,0,1,2,25,1,1,1,2,1,0,0,0
1,6,2,4,753,0,2,2,1,2,3,0,64,2,1,1,2,1,0,0,0
1,30,3,9,2503,1,4,4,2,0,2,1,41,1,1,2,2,1,0,0,0
0,18,2,4,2389,0,1,4,1,0,1,2,27,1,1,1,2,1,0,0,0
3,24,4,4,2223,1,4,4,2,0,4,1,52,0,1,2,2,1,0,0,0
1,12,2,3,3017,0,1,3,1,0,1,0,34,2,0,1,3,1,0,0,0
3,15,2,4,1213,2,4,4,2,0,3,1,47,1,1,1,2,1,1,0,0
2,12,2,0,1330,0,1,4,2,0,1,0,26,2,1,1,2,1,0,0,0
3,6,4,4,1740,0,4,2,3,0,2,0,30,2,0,2,2,1,0,0,0
3,48,3,4,12749,2,3,4,2,0,1,2,37,2,1,1,3,1,1,0,0
0,21,2,4,2606,0,1,4,1,0,4,1,28,2,0,1,3,1,1,0,0
0,12,2,3,652,0,4,4,1,0,4,1,24,2,0,1,2,1,0,0,0
1,15,2,6,1514,1,2,4,2,2,2,0,22,2,1,1,2,1,0,0,0
2,4,2,0,1494,4,1,1,2,0,2,0,29,2,1,1,1,2,0,1,0
2,15,2,7,1905,0,4,4,2,0,4,2,40,2,0,1,3,1,1,0,0
1,6,2,4,368,4,4,4,2,0,4,1,38,2,1,1,2,1,0,0,0
3,36,2,1,4686,0,2,2,2,0,2,3,32,2,2,1,3,1,1,0,0
0,6,2,3,1374,0,2,1,2,0,2,0,36,0,1,1,1,1,1,0,0
3,24,2,9,1258,0,3,4,2,0,1,0,25,2,1,1,2,1,1,0,0
3,12,2,9,1542,0,3,2,2,0,4,2,36,2,1,1,2,1,1,0,0
0,18,2,4,3509,0,3,4,1,2,1,0,25,2,1,1,2,1,0,0,0
1,42,1,1,9283,0,0,1,2,0,2,3,55,0,2,1,3,1,1,0,0
0,24,2,3,3021,0,2,2,0,0,2,0,24,2,0,1,1,1,0,0,0
3,54,0,1,9436,4,2,2,2,0,2,1,39,2,1,1,1,2,0,0,0
1,36,4,4,2337,0,4,4,2,0,4,0,36,2,1,1,2,1,0,0,0
3,15,2,1,1300,4,4,4,2,0,4,3,45,0,2,1,2,2,0,0,0
3,18,2,0,2662,4,3,4,2,0,3,1,32,2,1,1,2,1,0,1,0
1,9,4,3,1919,0,3,4,2,0,3,2,35,2,0,1,2,1,1,0,0
0,36,2,3,3620,0,2,1,2,2,2,1,37,2,1,1,2,2,0,0,0
3,24,4,1,5804,3,2,4,2,0,2,0,27,2,1,2,2,1,0,0,0
3,18,4,1,3850,0,3,3,2,0,1,2,27,2,1,2,2,1,0,0,0
3,6,2,5,1338,2,2,1,0,0,4,0,62,2,1,1,2,1,0,0,0
3,24,2,3,3972,0,3,2,1,0,4,1,25,2,0,1,2,1,1,0,0
3,10,2,0,1597,2,2,3,2,0,2,3,40,2,0,1,1,2,0,1,0
1,12,4,0,1995,1,1,4,2,0,1,2,27,2,1,1,2,1,0,0,0
3,24,4,1,2346,0,3,4,2,0,3,2,35,2,1,2,2,1,1,0,0
3,21,2,4,3160,4,4,4,2,0,3,1,41,2,1,1,2,1,1,0,0
3,24,4,1,3868,0,4,4,1,0,2,2,41,2,0,2,3,1,1,0,0
1,36,3,9,9857,1,3,1,2,0,3,1,31,2,1,2,1,2,1,0,0
2,12,2,3,1474,0,1,4,1,0,1,1,33,0,1,1,3,1,1,0,0
3,15,4,1,3368,3,4,3,2,0,4,3,23,2,0,2,2,1,1,0,0
0,12,4,4,385,0,3,4,1,0,3,0,58,2,1,4,1,1,1,0,0
0,24,4,1,6615,0,0,2,2,0,4,3,75,2,2,2,3,1,1,0,0
2,6,2,3,2116,0,2,2,2,0,2,0,41,2,1,1,2,1,1,0,0
1,36,3,0,2862,1,4,4,2,0,3,3,30,2,2,1,2,1,0,0,0
1,9,4,4,1154,0,4,2,2,0,4,0,37,2,1,3,1,1,0,0,0
3,18,2,4,2051,0,1,4,2,0,1,0,33,2,1,1,2,1,0,0,0
2,12,2,4,1881,0,2,2,1,0,2,2,44,2,0,1,1,1,1,0,0
0,8,4,0,731,0,4,4,2,0,4,0,47,2,1,2,1,1,0,0,0
3,30,4,4,5954,0,3,3,2,1,2,2,38,2,1,1,2,1,0,0,0
0,9,4,4,1138,0,2,4,2,0,4,0,25,2,1,2,1,1,0,0,0
1,18,2,0,1042,4,2,4,1,0,2,1,33,2,1,1,2,1,0,0,0
3,6,2,3,4611,0,1,1,1,0,4,1,32,2,1,1,2,1,0,0,0
1,48,4,3,5096,0,2,2,1,0,3,2,30,2,1,1,3,1,1,0,0
0,9,2,0,654,0,2,4,2,0,3,2,28,2,1,1,1,1,0,0,0
1,36,0,9,1953,0,4,4,2,0,4,3,61,2,2,1,3,1,1,0,0
1,24,3,3,2064,0,0,3,1,0,2,1,34,2,1,1,3,1,1,0,0
0,48,2,9,4308,0,1,3,1,0,4,1,24,2,0,1,2,1,0,0,0
3,18,2,3,1533,0,1,4,3,1,1,1,43,2,1,1,1,2,0,0,0
3,12,3,6,1555,3,4,4,2,0,4,3,55,2,2,2,2,2,0,0,0
1,6,1,7,433,3,1,4,1,0,2,1,24,0,0,1,2,2,0,0,0
1,24,2,4,2039,0,1,1,3,0,1,1,22,2,1,1,2,1,1,0,0
0,24,0,3,4110,0,4,3,2,0,4,3,23,0,0,2,2,2,0,0,0
0,24,2,0,1371,4,2,4,1,0,4,0,25,2,0,1,2,1,0,0,0
1,12,2,0,836,1,1,4,1,0,2,1,23,0,1,1,1,1,0,0,0
2,18,2,4,2100,0,2,4,2,1,2,0,37,1,1,1,2,1,0,0,0
0,24,3,0,1333,0,0,4,2,0,2,0,43,2,2,2,2,2,0,0,0
2,18,2,3,2864,0,2,2,2,0,1,0,34,2,1,1,1,2,0,0,0
1,48,2,3,9960,0,1,1,1,0,2,2,26,2,1,1,2,1,1,0,0
1,6,2,0,14555,4,0,1,2,0,2,1,23,2,1,1,0,1,1,0,0
0,48,0,1,4605,0,4,3,2,0,4,3,24,2,2,2,2,2,0,0,0
0,30,2,3,2406,0,3,4,1,0,4,0,23,2,0,1,2,1,0,0,0
1,9,4,7,1501,0,4,2,1,0,3,2,34,2,1,2,3,1,1,0,0
1,45,4,4,4746,0,1,4,2,0,2,1,25,2,1,2,1,1,0,0,0
2,9,2,4,745,0,2,3,1,0,2,0,28,2,1,1,1,1,0,0,0
1,12,2,4,766,2,2,4,2,0,3,0,66,2,1,1,1,1,0,0,0
2,24,4,0,1344,4,3,4,2,0,2,0,37,0,1,2,1,2,0,0,0
0,36,3,7,6887,0,2,4,2,0,3,1,29,1,1,1,2,1,1,0,0
3,24,3,0,2538,0,4,4,2,0,4,2,47,2,1,2,1,2,0,0,0
1,18,4,4,1245,0,2,4,3,0,2,2,33,2,1,1,2,1,0,0,0
1,48,2,9,15672,0,2,2,2,0,2,2,23,2,1,1,2,1,1,0,0
1,18,4,0,884,0,4,4,2,0,4,2,36,0,1,1,2,2,1,0,0
0,24,2,4,1823,0,0,4,2,0,2,2,30,1,1,1,3,2,0,0,0
1,21,2,9,2767,1,4,4,0,0,2,2,61,0,0,2,1,1,0,0,0
1,48,2,4,5951,0,2,2,1,0,2,0,22,2,1,1,2,1,0,0,0
1,30,0,9,4280,1,2,4,1,0,4,2,26,2,0,2,1,1,0,0,0
0,15,2,5,1275,4,2,4,1,0,2,2,24,2,0,1,2,1,0,0,0
2,36,2,4,4210,0,2,4,2,0,2,2,26,2,1,1,2,1,0,0,0
1,48,0,2,18424,0,2,1,1,0,2,1,32,0,1,1,3,1,1,1,0
0,36,2,4,2302,0,2,4,0,0,4,2,31,2,0,1,2,1,0,0,0
0,36,2,7,1977,4,4,4,2,0,4,3,40,2,1,1,3,1,1,0,0
0,12,2,0,1228,0,2,4,1,0,2,0,24,2,1,1,1,1,0,0,0
0,12,2,0,1372,0,3,2,0,0,3,2,36,2,1,1,2,1,0,0,0
1,24,4,2,11938,0,2,2,2,1,3,2,39,2,1,2,3,2,1,0,0
0,21,3,7,3414,0,1,2,2,0,1,1,26,2,1,2,2,1,0,0,0
3,12,4,9,2292,0,0,4,2,0,2,2,42,1,1,2,3,1,1,0,0
0,18,2,1,7511,4,4,1,2,0,4,1,51,2,2,1,2,2,1,0,0
0,18,2,5,1217,0,2,4,3,0,3,0,47,2,1,1,1,1,1,0,0
1,15,3,6,1512,3,2,3,3,0,3,1,61,1,1,2,2,1,0,0,0
0,24,2,0,1285,4,3,4,1,0,4,3,32,2,0,1,2,1,0,0,0
3,21,4,0,12680,4,4,4,2,0,4,3,30,2,2,1,3,1,1,0,0
1,24,2,0,1246,0,1,4,2,0,2,0,23,1,1,1,1,1,0,0,0
1,30,2,0,2150,0,2,4,1,2,2,3,24,0,1,1,2,1,0,0,0
0,48,1,9,7685,0,3,2,1,2,4,2,37,2,0,1,2,1,0,0,0
3,36,3,4,4463,0,2,4,2,0,2,2,26,2,1,2,3,1,1,0,0
3,18,1,0,6458,0,4,2,2,0,4,3,39,0,1,2,3,2,1,0,0
0,24,3,4,1659,0,1,4,1,0,2,2,29,2,0,1,1,1,1,0,0
0,12,1,4,626,0,2,4,1,0,4,0,24,0,1,1,1,1,0,0,0
0,24,2,0,1381,4,2,4,1,0,2,1,35,2,1,1,2,1,0,0,0
1,60,2,0,7408,1,1,4,1,0,2,1,24,2,1,1,3,1,0,0,0
0,12,2,8,902,0,3,4,3,0,4,1,21,2,0,1,2,1,0,0,0
3,21,2,1,5248,4,2,1,2,0,3,2,26,2,1,1,2,1,0,0,0
3,12,4,3,1402,2,3,3,1,0,4,2,37,2,0,1,2,1,1,0,0
3,18,2,0,1820,0,2,2,3,0,2,1,30,2,1,1,3,1,1,0,0
3,6,3,9,1743,1,2,1,2,0,2,0,34,2,1,2,1,1,0,0,0
1,60,3,4,9157,4,2,2,2,0,2,3,27,2,2,1,3,1,0,0,0
1,14,2,9,1410,2,4,1,3,0,2,0,35,2,1,1,2,1,1,0,0
3,18,2,4,1505,0,2,4,2,0,2,3,32,2,2,1,3,1,1,0,0
1,12,4,3,3617,0,4,1,2,0,4,2,28,2,0,3,2,1,1,0,0
0,30,0,9,8072,4,1,2,2,0,3,2,25,0,1,3,2,1,0,0,0
1,24,2,0,3512,1,3,2,2,0,3,2,38,0,1,2,2,1,1,0,0
2,15,4,1,2360,2,2,2,2,0,2,2,36,2,1,1,2,1,1,0,0
1,36,2,7,2273,0,3,3,2,0,1,2,32,2,1,2,2,2,0,0,0
1,24,2,3,3069,1,4,4,2,0,4,3,30,2,2,1,2,1,0,0,0
1,6,3,9,1449,1,4,1,0,0,2,2,31,0,1,2,2,2,0,0,0
3,24,2,4,1278,0,4,4,2,0,1,0,36,2,1,1,3,1,1,0,0
3,24,3,1,4679,0,3,3,2,0,3,2,35,2,1,2,1,1,1,0,0
3,60,2,4,10144,1,3,2,1,0,4,0,21,2,1,1,2,1,1,0,0
1,24,2,4,2896,1,1,2,2,0,1,2,29,2,1,1,2,1,0,0,0
3,15,4,4,1316,2,2,2,3,0,2,1,47,2,1,2,1,1,0,0,0
3,24,4,3,2028,0,3,2,2,0,2,1,30,2,1,2,1,1,0,0,0
2,24,2,3,3749,0,1,2,1,0,4,2,26,2,1,1,2,1,0,0,0
0,42,4,6,3394,0,0,4,2,1,4,2,65,2,1,2,0,1,0,0,0
3,12,2,9,1076,0,2,2,3,0,2,0,26,2,1,1,2,1,1,1,0
3,21,2,0,2782,2,3,1,1,0,2,2,31,0,1,1,3,1,0,0,0
3,39,2,1,2569,2,2,4,2,0,4,2,24,2,1,1,2,1,0,0,0
1,8,2,4,1414,0,2,4,2,2,2,0,33,2,1,1,2,1,0,1,0
3,24,2,3,3062,2,4,4,2,0,3,3,32,2,0,1,2,1,1,0,0
3,12,4,0,1163,2,2,4,2,0,4,0,44,2,1,1,2,1,1,0,0
0,36,2,0,3249,0,3,2,2,0,4,3,39,0,2,1,3,2,1,0,0
0,24,2,1,2964,4,4,4,2,0,4,3,49,0,2,1,2,2,1,0,0
1,24,2,4,3758,2,0,1,1,0,4,3,23,2,0,1,0,1,0,0,0
1,24,4,0,3878,1,1,4,0,0,2,2,37,2,1,1,2,1,1,0,0
3,6,3,4,932,0,2,3,1,0,2,0,24,2,1,1,2,1,0,0,0
3,42,4,3,4042,2,2,4,2,0,4,0,36,2,1,2,2,1,1,0,0
3,36,3,0,10875,0,4,2,2,0,2,2,45,2,1,2,2,2,1,0,0
1,26,2,1,7966,0,1,2,2,0,3,2,30,2,1,2,2,1,0,0,0
3,15,4,0,5045,4,4,1,1,0,4,2,59,2,1,1,2,1,1,0,0
1,24,4,1,7758,3,4,2,1,0,4,3,29,2,0,1,2,1,0,0,0
3,60,2,0,6527,4,2,4,2,0,4,3,34,2,2,1,2,2,1,0,0
3,4,4,0,1455,0,3,2,2,0,1,0,42,2,1,3,1,2,0,0,0
2,12,1,4,409,3,2,3,1,0,3,0,42,2,0,2,2,1,0,0,0
3,9,2,0,3577,1,2,1,2,2,2,0,26,2,0,1,2,2,0,1,0
2,12,2,4,3399,4,4,2,2,0,3,2,37,2,1,1,3,1,0,0,0
3,24,2,4,1413,0,2,4,3,0,2,1,28,2,1,1,2,1,0,0,0
3,12,4,3,3331,0,4,2,2,0,4,1,42,1,1,1,2,1,0,0,0
3,15,2,0,3556,4,2,3,2,0,2,3,29,2,1,1,2,1,0,0,0
0,18,3,7,8471,4,2,1,1,0,2,2,23,2,0,2,2,1,1,0,0
1,18,2,9,1941,3,2,4,2,0,2,1,35,2,1,1,1,1,1,0,0
3,6,1,0,783,4,2,1,2,2,2,0,26,1,1,1,1,2,0,0,0
0,9,2,3,2136,0,2,3,2,0,2,0,25,2,1,1,2,1,0,0,0
3,24,4,0,2022,0,2,4,1,0,4,2,37,2,1,1,2,1,1,0,0
3,24,4,6,2058,0,2,4,0,0,2,0,33,2,1,2,2,1,1,0,0
3,21,3,3,1591,1,3,4,2,0,3,0,34,2,1,2,3,1,0,0,0
3,24,2,0,3757,0,4,4,1,1,4,3,62,2,2,1,2,1,1,0,0
3,18,4,4,6070,0,4,3,2,0,4,2,33,2,1,2,2,1,1,0,0
3,10,2,7,727,2,4,4,2,0,4,3,46,2,2,1,2,1,1,0,0
1,36,3,0,7432,0,2,2,1,0,2,1,54,2,0,1,2,1,0,0,0
2,10,2,3,1275,0,1,4,1,0,2,1,23,2,1,1,2,1,0,0,0
3,12,2,4,1262,0,2,3,2,0,2,2,25,2,1,1,2,1,0,0,0
3,6,2,4,1595,0,3,3,2,0,2,1,51,2,1,1,2,2,0,0,0
3,12,2,7,1393,0,4,4,2,0,4,1,47,0,1,3,2,2,1,0,0
1,15,2,6,2631,1,2,3,1,0,2,0,25,2,1,1,1,1,0,0,0
0,36,2,2,15857,0,0,2,0,1,3,2,43,2,1,1,3,1,0,0,0
3,6,4,0,250,3,2,2,1,0,2,0,41,0,1,2,1,1,0,0,0
3,21,4,1,3275,0,4,1,2,0,4,2,36,2,1,1,3,1,1,0,0
2,10,4,0,781,0,4,4,2,0,4,3,63,2,2,2,2,1,1,0,0
0,13,4,9,1797,0,1,3,2,0,1,1,28,0,1,2,1,1,0,0,0
0,21,2,4,3357,3,1,4,1,0,2,2,29,0,1,1,2,1,0,0,0
3,22,2,4,2675,2,4,3,2,0,4,2,40,2,1,1,2,1,0,0,0
3,30,4,4,4530,0,3,4,1,0,4,2,26,2,0,1,3,1,1,0,0
3,12,4,4,2331,4,4,1,2,1,4,0,49,2,1,1,2,1,1,0,0
3,12,2,4,2171,0,1,2,1,0,2,2,29,0,1,1,2,1,0,0,0
1,9,2,4,2118,0,2,2,2,0,2,0,37,2,1,1,1,2,0,0,0
1,24,3,0,1965,4,2,4,1,0,4,2,42,2,0,2,2,1,1,0,0
3,12,4,4,522,2,4,4,2,0,4,1,42,2,1,2,2,2,1,0,0
1,30,0,9,4221,0,2,2,1,0,1,2,28,2,1,2,2,1,0,0,0
1,9,2,3,2030,4,3,2,2,0,1,2,24,2,1,1,2,1,1,0,0
0,18,0,9,3104,0,3,3,2,0,1,1,31,0,1,1,2,1,1,0,0
0,27,4,9,2442,0,4,4,2,0,4,2,43,1,1,4,3,2,1,0,0
0,9,4,0,2799,0,2,2,2,0,2,0,36,2,0,2,2,2,0,0,0
3,30,4,4,6742,4,3,2,2,0,3,1,36,2,1,2,2,1,0,0,0
3,30,4,4,2831,0,2,4,1,0,2,2,33,2,1,1,2,1,1,0,0
3,24,2,4,1533,0,1,4,1,0,3,2,38,1,1,1,2,1,1,0,0
3,24,2,1,6313,4,4,3,2,0,4,2,41,2,1,1,3,2,1,0,0
2,24,4,3,3617,4,4,4,2,1,4,3,20,2,0,2,2,1,0,0,0
3,36,0,6,2613,0,2,4,2,0,2,2,27,2,1,2,2,1,0,0,0
3,18,4,4,1800,0,2,4,2,0,2,2,24,2,1,2,2,1,0,0,0
0,12,2,4,1680,2,4,3,3,0,1,0,35,2,1,1,2,1,0,0,0
1,6,2,4,484,0,3,3,3,2,3,0,28,0,1,1,1,1,0,0,0
3,60,4,0,13756,4,4,2,2,0,4,3,63,0,2,1,3,1,1,0,0
1,12,2,4,1092,0,2,4,1,2,4,0,49,2,1,2,2,1,1,0,0
0,12,2,3,1289,0,2,4,2,2,1,1,21,2,1,1,1,1,0,0,0
1,48,2,4,3979,4,3,4,2,0,1,2,41,2,1,2,2,2,1,0,0
1,9,2,0,276,0,2,4,3,0,4,0,22,2,0,1,1,1,0,0,0
1,24,2,1,2760,4,4,4,2,0,4,3,36,0,2,1,2,1,1,0,0
3,24,2,0,1469,1,4,4,3,0,4,0,41,2,0,1,1,1,0,0,0
3,9,2,3,2301,1,1,2,1,0,4,1,22,2,0,1,2,1,0,0,0
1,18,4,9,3590,0,0,3,3,0,3,2,40,2,1,3,0,2,1,0,0
3,18,4,4,2404,0,2,2,1,0,2,2,26,2,1,2,2,1,0,0,0
0,12,2,0,1893,0,2,4,1,2,4,1,29,2,1,1,2,1,1,0,0
3,18,2,4,4594,0,1,3,2,0,2,2,32,2,1,1,2,1,1,0,0
3,9,4,7,1244,4,4,4,1,0,4,1,41,2,0,2,1,1,0,0,0
3,48,4,1,8858,4,3,2,2,0,1,3,35,2,2,2,2,1,1,0,0
0,6,2,0,662,0,1,3,2,0,4,0,41,2,1,1,1,2,1,0,0
2,30,4,4,3017,0,4,4,2,0,4,1,47,2,1,1,2,1,0,0,0
2,18,2,3,3049,0,1,1,1,0,1,1,45,1,1,1,1,1,0,0,0
0,12,4,0,2121,0,2,4,2,0,2,1,30,2,1,2,2,1,0,0,0
3,12,2,3,1768,0,2,3,2,0,2,0,24,2,0,1,1,1,0,0,0
3,6,2,8,1238,4,0,4,2,0,4,1,36,2,1,1,3,2,1,0,0
1,18,3,9,2427,4,4,4,2,0,2,1,42,2,1,2,2,1,0,0,0
3,12,4,4,717,0,4,4,2,0,4,0,52,2,1,3,2,1,0,0,0
1,18,4,4,1795,0,4,3,1,2,4,0,48,0,0,2,1,1,1,0,0
3,13,2,4,1409,1,0,2,1,0,4,0,64,2,1,1,2,1,0,0,0
3,30,4,4,5771,0,3,4,1,0,2,2,25,2,1,2,2,1,0,0,0
3,24,4,0,1287,3,4,4,1,0,4,0,37,2,1,2,2,1,1,0,0
0,24,1,3,2828,2,2,4,2,0,4,0,22,1,1,1,2,1,1,0,0
1,12,4,0,2366,2,3,3,0,0,3,2,36,2,1,1,3,1,1,0,0
2,24,2,3,2892,0,4,3,0,0,4,3,51,2,2,1,2,1,0,0,0
3,24,2,4,3105,4,1,4,2,0,2,2,25,2,1,2,2,1,0,0,0
2,6,2,0,709,3,1,2,3,0,2,0,27,2,1,1,0,1,0,1,0
0,15,2,0,1721,0,1,2,2,0,3,0,36,2,1,1,2,1,0,0,0
3,9,2,0,2507,2,4,2,2,0,4,3,51,2,2,1,1,1,0,0,0
3,24,2,1,2603,3,2,2,1,0,4,2,28,2,0,1,2,1,1,0,0
3,18,4,3,3780,0,1,3,0,0,2,2,35,2,1,2,3,1,1,0,0
0,24,1,1,3632,0,2,1,1,2,4,2,22,0,0,1,2,1,0,1,0
3,12,4,6,996,4,3,4,1,0,4,0,23,2,1,2,2,1,0,0,0
3,12,2,4,707,0,2,4,2,0,2,0,30,0,1,2,2,1,0,0,0
3,12,4,0,1495,0,4,4,2,0,1,0,38,2,1,2,1,2,0,0,0
0,6,2,0,1203,1,4,3,2,0,2,1,43,2,1,1,2,1,1,0,0
2,24,2,3,1925,0,2,2,2,0,2,0,26,2,1,1,2,1,0,0,0
3,15,2,1,4657,0,2,3,2,0,2,2,30,2,1,1,2,1,1,0,0
3,18,2,4,1126,4,1,4,1,0,2,0,21,2,0,1,2,1,1,0,0
3,12,2,0,2133,4,4,4,1,0,4,3,52,2,2,1,3,1,1,0,0
3,24,4,1,2197,4,3,4,2,0,4,2,43,2,1,2,2,2,1,0,0
3,18,2,3,3422,0,4,4,2,0,4,1,47,0,1,3,2,2,1,0,0
1,18,2,9,1913,3,1,3,3,0,3,0,36,0,1,1,2,1,1,0,0
1,13,4,4,882,0,1,4,2,2,4,0,23,2,1,2,2,1,0,0,0
1,48,0,0,8358,2,1,1,1,0,1,2,30,2,1,2,2,1,0,0,0
3,15,2,3,2221,2,2,2,1,0,4,2,20,2,0,1,2,1,0,0,0
3,24,4,2,6314,0,0,4,2,1,2,3,27,0,1,2,3,1,1,0,0
1,6,1,0,931,1,1,1,1,0,1,1,32,1,1,1,1,1,0,0,0
3,24,2,4,5943,4,1,1,1,0,1,2,44,2,1,2,2,1,1,0,0
1,6,3,0,1209,0,0,4,2,0,4,1,47,2,1,1,3,1,1,0,0
0,18,2,0,976,0,1,1,1,0,2,2,23,2,1,1,1,1,0,0,0
1,48,2,0,6560,1,3,3,2,0,2,1,24,2,1,1,2,1,0,0,0
0,36,2,3,3446,0,4,4,2,0,2,2,42,2,1,1,2,2,0,0,0
2,30,3,9,1908,0,4,4,2,0,4,0,66,2,1,1,3,1,1,0,0
2,12,4,0,939,2,3,4,3,0,2,0,28,2,1,3,2,1,1,0,0
3,30,1,1,7485,4,0,4,1,0,1,0,53,0,1,1,3,1,1,0,0
0,48,2,5,3051,0,2,3,2,0,4,2,54,2,1,1,2,1,0,0,0
0,15,0,0,950,0,4,4,2,0,3,2,33,2,0,2,2,2,0,0,0
1,12,2,4,6468,4,0,2,2,0,1,3,52,2,1,1,3,1,1,0,0
0,24,2,0,2303,0,4,4,2,1,1,0,45,2,1,1,2,1,0,0,0
0,18,2,3,2462,0,2,2,2,0,2,2,22,2,1,1,2,1,0,0,0
0,12,2,4,709,0,4,4,2,0,4,0,57,1,1,1,1,1,0,0,0
1,36,2,0,14318,0,4,4,2,0,2,3,57,2,2,1,3,1,1,0,0
3,27,2,0,2570,0,2,3,1,0,3,0,21,2,0,1,2,1,0,0,0
0,24,2,4,1987,0,2,2,2,0,4,0,21,2,0,1,1,2,0,0,0
0,24,2,4,1938,0,1,4,0,0,3,1,32,2,1,1,2,1,0,0,0
1,60,2,0,14027,0,3,4,2,0,2,3,27,2,1,1,3,1,1,0,0
0,24,1,3,3552,0,3,3,2,0,4,2,27,0,1,1,2,1,0,0,0
1,12,2,3,1922,0,2,4,2,0,2,1,37,2,1,1,1,1,0,0,0
1,24,2,0,2718,0,2,3,1,0,4,1,20,2,0,1,1,1,1,0,0
3,36,3,9,9572,0,1,1,0,0,1,2,28,2,1,2,2,1,0,0,0
0,45,0,9,11816,0,4,2,2,0,4,2,29,2,0,2,2,1,0,0,0
1,12,2,6,639,0,2,4,2,0,2,2,30,2,1,1,2,1,0,0,0
3,48,4,0,10127,2,2,2,2,0,2,3,44,0,2,1,2,1,0,0,0
0,60,3,9,6836,0,4,3,2,0,4,3,63,2,1,2,2,1,1,0,0
0,24,2,0,3123,0,1,4,1,0,1,1,27,2,1,1,2,1,0,0,0
2,21,4,7,2319,0,1,2,0,0,1,2,33,2,0,1,2,1,0,0,0
1,36,2,0,12389,4,2,1,2,0,4,3,37,2,2,1,2,1,1,0,0
3,24,2,9,4591,3,2,2,2,0,3,1,54,2,1,3,3,1,1,0,0
1,12,0,3,2969,0,1,4,1,0,3,1,25,2,0,2,2,1,0,0,0
1,12,2,3,951,1,1,4,1,0,4,2,27,0,0,4,2,1,0,0,0
3,36,4,0,7855,0,2,4,1,0,2,0,25,1,1,2,2,1,1,0,0
3,18,2,4,433,0,0,3,1,1,4,0,22,2,0,1,2,1,0,0,0
1,30,4,3,8386,0,3,2,2,0,2,1,49,2,1,1,2,1,0,0,0
3,9,2,3,1980,0,1,2,1,1,2,2,19,2,0,2,2,1,0,0,0
0,24,1,0,1193,0,0,1,1,1,4,3,29,2,0,2,0,1,0,0,0
3,9,2,4,1478,0,3,4,2,0,2,2,22,2,1,1,2,1,0,0,0
3,12,2,7,719,0,4,4,2,0,4,2,41,0,1,1,1,2,0,0,0
0,12,1,4,2149,0,2,4,0,0,1,3,29,2,2,1,2,1,0,0,0
0,16,4,0,2625,0,4,2,2,2,4,1,43,0,0,1,2,1,1,0,0
1,12,2,4,1534,0,1,1,3,0,1,0,23,2,0,1,2,1,0,0,0
0,18,4,0,3966,0,4,1,1,0,4,0,33,0,0,3,2,1,1,0,0
3,10,2,3,2210,0,2,2,2,0,2,0,25,0,0,1,1,1,0,0,0
1,12,2,3,2762,4,4,1,1,0,2,1,25,0,1,1,2,1,1,0,0
0,24,2,4,1282,1,2,4,1,0,2,2,32,2,1,1,1,1,0,0,0
3,36,2,7,1819,0,2,4,2,0,4,3,37,1,2,1,2,1,1,0,0
1,18,4,0,1056,0,4,3,2,2,3,0,30,0,1,2,2,1,0,0,0
1,24,2,2,11328,0,2,2,2,1,3,2,29,0,1,2,3,1,1,0,0
0,24,2,0,4817,0,3,2,2,1,3,1,31,2,1,1,2,1,1,0,0
1,18,3,3,4297,0,4,4,0,0,3,3,40,2,1,1,3,1,1,0,0
3,48,2,9,3914,4,2,4,0,0,2,0,38,0,1,1,2,1,0,0,0
0,48,2,0,7763,0,4,4,2,0,4,3,42,0,2,1,3,1,0,0,0
1,12,2,0,1295,0,1,3,1,0,1,2,25,2,0,1,2,1,0,0,0
3,36,4,3,7127,0,1,2,1,0,4,1,23,2,0,2,2,1,1,0,0
0,36,4,7,8065,0,2,3,1,0,2,3,25,2,1,2,3,1,1,0,0
1,12,2,4,1484,4,2,2,3,0,1,0,25,2,1,1,2,1,1,0,0
0,48,2,0,3931,0,3,4,2,0,4,3,46,2,2,1,2,2,0,0,0
3,9,2,5,1236,0,1,1,1,0,4,0,23,2,0,1,2,1,1,0,0
3,48,2,4,10222,4,3,4,2,0,3,2,37,1,1,1,2,1,1,0,0
0,24,2,3,1747,0,1,4,2,1,1,1,24,2,1,1,1,1,0,1,0
1,18,3,0,2899,4,4,4,2,0,4,2,43,2,1,1,2,2,0,0,0
3,18,2,4,1473,0,1,3,3,0,4,0,39,2,1,1,2,1,1,0,0
2,9,2,4,1126,1,4,2,0,0,4,0,49,2,1,1,2,1,0,0,0
1,18,2,4,1113,0,2,4,1,2,4,0,26,2,1,1,1,2,0,0,0
3,6,4,4,1237,1,2,1,1,0,1,1,27,2,1,2,2,1,0,0,0
2,12,2,4,1297,0,2,3,3,0,4,0,23,2,0,1,2,1,0,0,0
3,7,3,4,846,4,4,3,2,0,4,3,36,2,2,1,2,1,0,0,0
3,6,2,6,660,2,3,2,3,0,4,0,23,2,0,1,1,1,0,0,0
3,60,2,0,10366,0,4,2,2,0,4,1,42,2,1,1,3,1,1,0,0
3,18,4,1,3229,4,0,2,2,0,4,3,38,2,1,1,3,1,1,0,0
1,36,2,7,3711,4,2,2,3,0,2,2,27,2,1,1,2,1,0,0,0
3,28,4,4,2743,0,4,4,2,0,2,2,29,2,1,2,2,1,0,0,0
1,10,1,4,1048,0,2,4,2,0,4,0,23,1,1,1,1,1,0,0,0
0,12,2,4,1498,0,2,4,1,0,1,2,23,0,1,1,2,1,0,0,0
1,48,1,0,12169,4,0,4,2,1,4,3,36,2,2,1,3,1,1,0,0
1,24,4,7,5743,0,1,2,1,0,4,3,24,2,2,2,2,1,1,0,0
1,24,3,3,2333,4,1,4,2,0,2,1,29,0,1,1,1,1,0,0,0
3,15,3,1,3594,0,1,1,1,0,2,1,46,2,1,2,1,1,0,0,0
3,6,4,4,1554,0,3,1,1,0,2,2,24,2,0,2,2,1,1,0,0
0,30,2,4,2522,0,4,1,2,2,3,1,39,2,1,1,2,2,0,0,0
3,15,2,4,3568,0,4,4,1,0,2,2,54,0,0,1,3,1,1,0,0
3,11,4,0,7228,0,2,1,2,0,4,1,39,2,1,2,1,1,0,0,0
3,18,4,4,1582,3,4,4,2,0,4,2,46,2,1,2,2,1,0,0,0
1,30,1,3,3496,3,2,4,2,0,2,2,34,1,1,1,2,2,1,0,0
0,10,4,3,2132,4,1,2,1,1,3,0,27,2,0,2,2,1,0,1,0
1,7,2,4,2415,0,2,3,2,2,2,0,34,2,1,1,2,1,0,0,0
3,12,4,0,1255,0,4,4,2,0,4,0,61,2,1,2,1,1,0,0,0
1,12,2,3,983,3,1,1,1,0,4,0,19,2,0,1,1,1,0,0,0
1,12,4,1,1860,0,0,4,2,0,2,2,34,2,1,2,3,1,1,0,0
1,21,2,3,3976,4,3,2,2,0,3,2,35,2,1,1,2,1,1,0,0
1,7,2,4,2329,0,1,1,1,2,1,0,45,2,1,1,2,1,0,0,0
3,24,2,4,1376,2,3,4,1,0,1,2,28,2,1,1,2,1,0,0,0
1,18,2,0,5866,1,2,2,2,0,2,2,30,2,1,2,2,1,1,0,0
3,6,1,4,1750,2,4,2,2,0,4,1,45,0,1,1,1,2,0,0,0
3,18,2,3,2515,0,2,3,2,0,4,0,43,2,1,1,2,1,1,0,0
3,15,2,3,2186,4,3,1,1,0,4,0,33,0,0,1,1,1,0,0,0
2,15,2,9,2687,0,3,2,2,0,4,1,26,2,0,1,2,1,1,0,0
0,15,4,3,975,0,2,2,0,0,3,1,25,2,1,2,2,1,0,0,0
3,36,4,1,5842,0,4,2,2,0,2,1,35,2,1,2,2,2,1,0,0
3,24,4,6,5507,0,4,3,2,0,4,3,44,2,2,2,2,1,0,0,0
0,18,2,0,2249,1,3,4,2,0,3,2,30,2,1,1,3,2,1,0,0
3,12,4,3,1258,0,1,2,1,0,4,1,22,2,0,2,1,1,0,0,0
1,45,4,1,4576,1,0,3,2,0,4,2,27,2,1,1,2,1,0,0,0
3,36,2,4,3835,4,4,2,1,0,4,0,45,2,1,1,1,1,1,0,0
1,30,2,3,3832,0,1,2,3,0,1,1,22,2,1,1,2,1,0,0,0
1,39,3,7,11760,1,3,2,2,0,3,3,32,2,0,1,2,1,1,0,0
0,20,2,3,2212,4,3,4,2,0,4,2,39,2,1,1,2,1,1,0,0
1,30,2,4,2991,4,4,2,1,0,4,2,25,2,1,1,2,1,0,0,0
3,12,2,4,1963,0,3,4,2,0,2,2,31,2,0,2,3,2,1,0,0
3,18,4,4,629,2,4,4,2,0,3,1,32,0,1,2,3,1,1,0,0
1,11,4,0,1322,3,2,4,1,0,4,2,40,2,1,2,2,1,0,0,0
3,33,3,9,2764,0,2,2,1,0,2,2,26,2,1,2,2,1,1,0,0
3,15,4,3,3343,0,2,4,2,0,2,3,28,2,2,1,2,1,1,0,0
0,12,2,0,3651,3,2,1,2,0,3,1,31,2,1,1,2,2,0,0,0
1,12,4,4,3573,0,2,1,1,0,1,0,23,2,1,1,1,1,0,0,0
3,27,4,3,4526,3,1,4,2,0,2,0,32,1,1,2,1,2,1,0,0
1,15,4,4,1537,4,4,4,2,2,4,0,50,2,1,2,2,1,1,0,0
2,21,2,0,2923,1,2,1,1,0,1,2,28,0,1,1,3,1,1,0,0
3,15,3,3,960,3,3,3,1,0,2,1,30,2,1,2,2,1,0,0,0
1,18,2,1,2779,0,2,1,3,0,3,2,21,2,0,1,2,1,1,0,0
3,15,2,0,5324,2,4,1,1,0,4,3,35,2,2,1,2,1,0,0,0
3,33,4,1,7253,0,3,3,2,0,2,2,35,2,1,2,3,1,1,0,0
2,6,4,0,1343,0,4,1,2,0,4,0,46,2,1,2,2,2,0,1,0
3,12,4,4,930,4,4,4,2,0,4,0,65,2,1,4,2,1,0,0,0
0,6,2,0,1374,4,0,4,1,0,3,1,75,2,1,1,3,1,1,0,0
1,15,2,6,1308,0,4,4,2,0,4,2,38,2,1,2,1,1,0,0,0
1,6,2,6,454,0,1,3,3,0,1,1,22,2,1,1,1,1,0,0,0
3,12,2,3,1736,0,3,3,1,0,4,0,31,2,1,1,1,1,0,0,0
1,12,3,4,585,0,2,4,3,1,4,0,20,2,0,2,2,1,0,0,0
3,12,2,4,776,0,2,4,3,0,2,0,28,2,1,1,2,1,0,0,0
3,11,4,0,1393,0,1,4,1,0,4,2,35,2,1,2,3,1,0,0,0
3,30,4,4,3077,4,4,3,2,0,2,2,40,2,1,2,2,2,1,0,0
1,24,3,9,4712,4,2,4,2,0,2,1,37,0,1,2,3,1,1,0,0
0,24,2,1,2812,4,4,2,1,0,4,0,26,2,0,1,2,1,0,0,0
1,18,4,3,7374,0,0,4,2,0,4,1,40,1,1,2,3,1,1,0,0
3,4,2,3,601,0,1,1,1,0,3,0,23,2,0,1,1,2,0,0,0
3,24,2,0,1474,1,1,4,3,0,3,0,33,2,1,1,2,1,1,0,0
1,18,4,9,1887,4,2,4,3,0,4,0,28,0,1,2,2,1,0,0,0
0,15,4,3,1433,0,2,4,1,0,3,1,25,2,0,2,2,1,0,0,0
3,24,4,0,1940,3,4,4,2,0,4,0,60,2,1,1,2,1,1,0,0
3,24,2,4,1901,1,2,4,2,0,4,2,29,2,0,1,3,1,1,0,0
3,6,2,0,3518,0,2,2,2,2,3,1,26,2,0,1,2,1,0,0,0
0,18,2,4,1936,4,3,2,3,0,4,2,23,2,0,2,1,1,0,0,0
3,15,4,3,1520,4,4,4,2,0,4,1,63,2,1,1,2,1,0,0,0
3,21,2,1,2476,4,4,4,2,0,4,0,46,2,1,1,3,1,1,0,0
0,12,2,3,708,0,2,2,2,2,3,1,38,2,1,1,1,2,0,0,0
2,24,4,4,3148,4,2,3,2,0,2,2,31,2,1,2,2,1,1,0,0
3,9,2,3,1388,0,2,4,1,0,2,0,26,2,0,1,2,1,0,0,0
3,15,4,4,1459,0,2,4,1,0,2,2,43,2,1,1,1,1,0,0,0
3,48,4,7,6110,0,2,1,2,0,3,3,31,0,2,1,2,1,1,0,0
2,18,1,4,1445,4,3,4,2,0,4,2,49,0,1,1,1,1,0,0,0
3,12,2,3,763,0,2,4,1,0,1,0,26,2,1,1,2,1,1,0,0
2,12,2,4,3016,0,2,3,3,0,1,2,24,2,1,1,2,1,0,0,0
1,48,0,9,12204,4,2,2,2,0,2,2,48,0,1,1,3,1,1,0,0
3,24,2,0,1525,3,3,4,1,0,3,2,34,2,1,1,2,2,1,0,0
3,10,2,0,1287,4,4,4,2,1,2,1,45,2,1,1,1,1,0,1,0
3,24,2,1,5433,4,0,2,1,0,4,1,26,2,0,1,3,1,1,0,0
