0,1,2,3,4,5,6,7,8,9,10,11,12,13,14,15,ground_truth
29,100,18,58,29,13,78,0,100,38,82,81,36,98,0,65,0
13,96,0,58,16,17,63,0,100,27,94,68,60,100,17,89,0
10,76,0,34,26,0,69,9,100,42,97,84,57,100,14,87,0
24,95,3,55,28,15,74,0,100,35,84,80,41,100,0,78,0
0,63,7,30,36,0,73,10,100,49,86,93,49,100,18,71,0
2,61,0,8,41,0,77,31,100,80,67,100,30,69,11,20,0
23,73,0,38,19,0,60,1,93,29,100,74,67,100,32,79,0
10,80,12,37,38,0,90,4,100,44,72,82,24,100,0,62,0
42,94,1,70,0,26,44,0,92,22,100,66,64,100,17,84,0
4,25,68,64,33,97,0,36,38,0,100,43,96,100,22,85,0
24,80,0,45,16,0,79,13,100,58,75,100,16,74,12,28,0
35,84,24,28,54,0,87,28,100,81,66,100,30,83,0,48,0
38,100,10,67,0,28,26,0,73,13,100,45,76,77,29,88,0
27,84,12,42,18,0,73,7,100,45,93,88,40,100,0,67,0
22,89,0,46,9,0,46,0,79,24,100,67,75,100,39,97,0
44,100,14,65,0,25,29,0,72,17,100,51,87,89,42,86,0
22,98,0,75,4,18,55,0,100,36,84,89,34,100,21,46,0
85,100,23,83,0,42,13,0,78,5,100,47,84,88,16,81,0
7,86,0,62,15,20,62,0,100,31,96,73,53,100,8,78,0
62,100,25,91,0,49,7,2,55,0,92,30,100,78,63,100,0
48,100,0,43,39,0,100,52,54,87,18,48,74,78,19,19,0
67,100,22,81,0,46,12,11,64,0,100,27,94,63,77,99,0
14,40,19,0,58,11,85,42,100,81,70,100,30,86,0,59,0
58,100,19,75,0,36,14,0,61,10,93,42,100,83,58,96,0
75,100,30,81,0,36,19,0,72,14,100,58,70,98,24,74,0
31,78,0,57,14,13,59,0,100,23,98,69,62,100,19,91,0
62,88,20,65,0,24,34,0,78,24,100,63,77,100,26,93,0
62,96,24,99,0,59,19,17,61,0,97,24,100,71,65,100,0
49,99,5,74,0,24,46,0,98,21,100,70,55,100,5,79,0
11,82,6,41,28,0,78,7,100,48,80,90,32,100,0,65,0
56,100,19,76,0,33,24,0,74,25,100,65,70,87,23,60,0
12,73,0,30,33,0,77,6,100,44,78,85,37,100,12,67,0
27,51,0,22,43,0,90,13,100,54,75,93,27,100,12,61,0
30,71,4,60,0,11,54,0,100,32,97,80,45,100,6,66,0
13,100,0,62,12,21,53,0,94,19,100,60,75,96,32,97,0
26,77,0,33,28,0,69,15,100,52,85,97,44,100,4,84,0
68,100,24,83,0,41,13,0,60,3,99,30,100,71,55,89,0
47,79,16,68,0,30,27,0,74,12,100,46,94,86,51,100,0
41,100,5,70,0,21,39,0,83,22,100,66,57,89,11,75,0
25,76,0,47,20,0,83,22,100,69,49,100,3,65,13,17,0
18,73,0,73,10,24,54,0,100,22,95,71,52,100,5,84,0
29,97,0,57,22,10,68,0,100,40,83,90,37,100,12,57,0
33,83,1,71,0,13,62,0,100,48,73,100,16,77,8,20,0
2,37,8,25,42,0,89,17,100,59,73,96,23,100,0,62,0
70,96,26,100,3,64,0,24,40,0,88,14,100,52,86,92,0
19,86,9,55,13,16,60,0,96,33,100,72,57,100,0,82,0
35,92,12,47,21,0,71,8,100,48,82,94,32,100,0,66,0
100,54,78,100,30,92,0,48,14,1,66,0,99,40,84,79,0
36,100,0,55,7,0,61,25,100,76,61,100,37,69,24,44,0
23,93,1,59,16,19,64,0,100,29,94,72,52,100,0,90,0
32,89,14,91,0,44,15,1,62,0,100,28,85,73,45,100,0
44,79,19,60,6,14,55,0,100,34,92,79,35,100,0,69,0
29,100,5,66,0,26,35,0,81,18,100,56,83,93,33,96,0
43,95,8,69,0,31,29,0,83,20,100,56,71,90,11,100,0
17,63,6,20,51,0,95,28,100,72,55,100,0,91,0,52,0
49,100,15,80,0,37,22,1,67,0,100,31,100,75,62,92,0
48,97,9,63,0,15,49,0,94,27,100,73,55,100,5,82,0
78,100,20,92,0,58,6,22,53,0,97,23,100,59,89,95,0
11,75,4,45,21,1,81,0,100,43,88,87,29,100,0,67,0
34,92,16,51,39,9,84,0,100,43,79,85,35,100,0,70,0
79,100,28,87,0,52,7,13,57,0,99,26,100,65,71,100,0
14,86,0,42,25,0,71,3,100,43,86,89,41,100,5,69,0
5,56,5,16,56,0,100,29,97,68,59,100,8,93,0,55,0
40,99,0,74,1,20,44,0,88,24,100,76,60,100,21,70,0
60,100,18,97,0,49,23,3,75,0,100,45,82,91,32,89,0
8,96,0,50,12,6,58,0,96,28,100,71,59,95,11,100,0
38,100,12,67,19,9,62,0,100,30,83,82,39,91,0,66,0
14,79,0,46,18,7,58,0,92,25,100,69,71,100,32,96,0
62,100,14,91,0,54,12,17,55,0,96,21,100,60,79,95,0
23,97,0,53,20,6,66,0,100,35,98,84,53,100,9,81,0
15,100,0,56,13,12,51,0,88,22,100,67,73,100,34,98,0
33,100,2,54,0,5,62,0,100,42,91,92,32,95,4,49,0
97,76,57,100,17,72,0,28,36,0,81,19,100,56,88,88,0
17,92,0,50,11,7,66,0,100,35,96,78,49,100,9,69,0
27,94,15,45,36,0,82,7,100,52,81,98,32,100,0,62,0
33,80,0,47,13,0,74,8,100,54,79,100,29,76,25,26,0
13,99,0,59,10,17,62,0,100,30,87,72,41,100,0,75,0
11,90,0,41,31,0,82,0,100,46,77,92,30,100,3,58,0
78,99,21,85,0,50,5,14,59,0,100,27,100,65,79,100,0
32,85,0,51,2,7,51,0,93,23,100,67,67,100,23,84,0
45,98,13,71,13,21,59,0,100,34,81,79,28,100,0,67,0
46,100,4,75,7,24,53,0,100,21,89,68,44,97,0,88,0
26,70,19,25,57,0,95,21,100,68,69,100,24,88,0,48,0
0,97,2,58,19,21,65,0,100,29,98,67,66,100,16,93,0
3,77,0,37,34,0,84,19,100,64,66,100,20,71,22,25,0
86,53,90,92,36,100,0,62,0,16,52,0,100,27,100,66,0
20,93,1,47,9,0,63,0,100,38,100,84,45,100,0,70,0
50,100,9,73,0,34,24,0,78,19,100,55,77,89,21,78,0
35,100,2,66,0,21,41,0,87,9,100,51,69,85,23,89,0
24,96,0,68,11,23,49,0,86,23,100,68,74,100,42,72,0
3,77,2,39,39,0,90,20,100,71,53,100,0,78,10,43,0
59,79,40,99,0,62,1,14,59,0,100,35,80,80,21,100,0
0,37,17,0,66,1,100,31,96,71,59,100,12,98,9,59,0
30,94,0,58,4,14,52,0,94,29,100,71,60,100,10,86,0
78,100,29,88,0,52,2,10,55,0,100,26,98,67,51,77,0
25,92,30,43,50,1,88,0,100,45,78,87,39,100,0,87,0
86,100,34,98,0,62,9,22,57,0,100,25,94,66,51,94,0
23,79,0,46,6,5,53,0,89,29,100,71,67,100,25,83,0
65,84,31,100,0,63,15,16,62,0,100,30,89,78,44,94,0
27,96,0,65,4,24,53,0,94,29,100,71,62,100,9,83,0
68,100,23,80,0,40,19,0,70,5,100,42,100,86,57,93,0
42,97,27,86,0,40,26,0,86,13,100,59,65,100,5,93,0
5,87,5,30,41,0,83,9,100,58,70,100,29,95,0,51,0
22,100,1,55,10,10,60,0,100,31,97,77,51,99,0,83,0
72,97,23,80,0,37,22,0,76,18,100,61,79,100,24,93,0
26,99,0,61,6,16,53,0,95,28,100,73,58,100,6,90,0
38,73,5,64,0,15,53,0,98,34,100,83,47,100,20,60,0
48,100,15,83,0,39,23,1,71,0,100,34,86,77,44,98,0
52,100,16,70,0,35,3,0,66,10,100,41,98,77,51,93,0
78,100,26,100,0,64,3,24,46,0,93,18,100,59,87,97,0
39,90,14,75,0,34,26,0,75,0,100,35,82,74,42,100,0
47,100,14,69,0,31,27,0,77,13,100,48,86,86,38,98,0
24,77,0,46,22,8,70,0,100,32,90,74,51,100,5,90,0
31,70,0,84,16,37,52,0,100,19,99,66,60,100,6,94,0
16,100,0,56,21,15,62,0,100,22,97,69,62,98,25,82,0
30,85,0,47,9,5,66,0,100,36,100,79,56,100,39,60,0
32,92,21,49,32,4,79,0,100,41,81,82,33,100,0,66,0
25,90,0,48,13,0,79,13,100,61,60,100,3,73,10,29,0
42,100,8,74,0,28,31,0,74,8,100,45,89,88,49,95,0
34,93,7,61,0,25,34,0,81,12,100,46,98,83,62,100,0
38,100,1,75,0,29,36,0,80,14,100,56,79,97,37,94,0
87,78,50,94,16,59,0,19,45,0,99,24,100,63,67,100,0
0,75,14,31,47,0,89,10,100,54,76,93,35,100,13,62,0
23,74,29,26,66,0,100,27,99,74,64,100,26,73,0,33,0
32,91,11,68,0,23,42,0,85,27,100,71,66,100,20,75,0
77,100,30,79,0,40,11,0,64,8,100,42,98,85,46,95,0
24,100,5,57,0,13,41,0,84,25,100,65,57,86,7,87,0
48,77,19,66,0,6,49,0,93,38,100,96,48,100,0,70,0
25,77,15,82,0,40,21,0,73,0,100,38,85,79,37,100,0
33,100,15,85,0,40,13,0,46,3,76,25,100,61,84,95,0
45,100,10,67,7,16,56,0,100,31,91,79,38,95,0,61,0
40,100,9,66,0,26,43,0,100,17,100,56,61,88,0,89,0
0,45,17,4,55,0,89,24,100,70,72,100,36,83,18,39,0
2,100,0,55,15,16,53,0,89,18,100,59,74,91,36,79,0
3,96,0,45,16,0,67,8,100,46,98,93,48,100,14,67,0
63,99,25,77,0,35,22,0,73,17,100,58,79,100,33,91,0
36,82,0,68,4,21,48,0,92,24,100,70,61,100,23,76,0
43,100,16,86,0,41,24,0,75,11,100,53,85,97,34,97,0
45,100,4,74,0,39,19,6,69,0,100,29,100,64,79,98,0
44,100,15,65,0,20,35,0,78,25,100,65,65,95,21,75,0
16,90,0,57,13,12,62,0,100,30,90,76,45,100,3,77,0
20,57,0,20,40,0,83,23,100,62,87,100,40,88,11,53,0
11,78,0,36,25,0,68,5,100,37,96,83,57,100,20,80,0
25,100,1,63,0,21,41,0,87,16,100,57,74,93,25,89,0
59,100,17,69,0,31,32,0,86,22,100,61,78,97,16,96,0
87,95,28,76,0,37,18,0,77,23,100,64,74,100,23,75,0
51,100,10,75,0,33,31,0,82,6,100,44,75,82,28,90,0
54,92,13,72,0,31,31,0,79,17,100,55,85,95,37,100,0
21,97,0,61,11,14,60,0,100,30,92,78,49,100,23,76,0
26,89,7,73,0,30,45,0,97,21,100,65,64,100,9,88,0
37,90,5,60,12,15,60,0,98,32,100,76,55,100,0,90,0
14,67,0,30,26,0,70,16,100,48,96,85,53,100,7,87,0
59,86,26,92,0,49,21,5,68,0,100,35,82,81,39,100,0
35,100,9,71,0,26,41,0,93,11,100,53,63,87,11,100,0
46,100,18,76,0,32,29,0,77,18,100,59,75,98,23,96,0
20,81,0,39,22,0,68,5,100,37,89,83,47,100,14,68,0
100,66,61,100,0,51,8,0,82,32,92,89,64,61,8,8,0
37,84,0,51,2,7,53,0,98,27,100,70,58,100,7,99,0
20,73,0,43,22,0,73,12,100,54,94,100,43,96,11,58,0
26,52,16,8,63,0,100,34,99,81,54,100,6,82,0,38,0
7,68,23,100,0,51,15,1,80,0,100,48,64,91,1,89,0
49,100,13,69,0,27,30,0,74,19,100,56,83,94,36,98,0
0,39,2,62,11,5,63,0,100,43,89,99,36,100,0,57,0
42,99,8,69,0,28,39,0,85,24,100,64,74,100,21,85,0
16,92,11,30,51,0,94,0,100,57,63,98,20,100,0,43,0
27,82,3,47,13,6,67,0,100,34,96,76,51,100,0,82,0
32,83,12,92,5,41,38,0,100,28,98,76,36,100,0,60,0
21,99,0,60,3,17,50,0,94,25,100,68,64,100,15,90,0
0,82,8,35,42,0,88,21,100,66,67,100,22,80,15,35,0
73,85,31,65,0,0,52,9,100,57,82,100,81,78,38,25,0
74,100,2,49,29,0,100,54,61,95,0,39,75,77,6,21,0
27,93,7,49,15,0,66,1,100,41,91,87,39,100,0,68,0
12,62,0,58,7,11,59,0,100,29,92,76,47,100,8,69,0
42,93,19,88,0,42,24,0,83,11,100,56,75,100,17,97,0
31,81,1,43,13,1,68,0,100,36,96,79,48,100,0,80,0
44,100,8,62,0,14,50,0,99,31,100,78,45,90,11,49,0
70,100,2,50,15,1,100,36,70,79,36,56,67,51,0,0,0
16,100,0,68,20,26,53,0,92,11,100,54,72,86,33,96,0
32,86,0,61,10,4,57,0,100,30,97,87,50,100,4,87,0
79,98,30,90,2,53,0,10,46,0,88,27,100,70,73,100,0
15,84,0,57,5,17,52,0,95,28,100,67,70,100,20,87,0
65,100,18,88,0,52,11,17,58,0,99,23,100,60,85,96,0
42,77,50,88,8,48,0,1,63,0,98,43,100,91,38,100,0
50,86,17,60,0,27,21,0,70,9,100,37,91,70,63,100,0
60,100,19,81,0,44,14,7,62,0,97,27,100,66,62,86,0
25,88,8,68,0,27,39,0,87,15,100,56,73,89,20,100,0
15,98,0,58,13,17,57,0,96,24,100,67,70,100,29,83,0
29,74,1,49,0,2,51,0,93,30,100,76,55,100,6,84,0
47,85,18,62,5,20,47,0,100,24,99,66,59,98,0,100,0
41,100,3,64,0,13,50,0,95,31,100,80,50,87,22,44,0
8,87,0,43,10,0,61,3,95,38,100,81,53,100,1,83,0
42,100,18,67,0,34,2,0,67,8,97,39,100,73,43,88,0
40,100,12,76,0,33,30,0,82,1,100,39,75,78,30,100,0
19,91,0,60,10,17,55,0,94,26,100,70,67,100,23,81,0
17,36,37,4,72,0,100,29,92,75,62,100,26,96,0,66,0
19,100,10,46,29,0,75,15,100,58,65,92,19,85,0,40,0
38,87,11,47,18,2,66,0,100,35,91,80,45,100,0,83,0
31,88,5,50,4,8,57,0,100,30,100,71,56,100,0,92,0
42,100,12,68,0,27,32,0,76,9,100,44,88,85,47,85,0
15,73,0,34,30,0,81,1,100,38,87,78,44,100,16,68,0
27,95,0,62,9,20,57,0,100,27,98,70,61,100,8,85,0
48,91,20,60,0,28,18,0,66,15,90,45,100,79,69,100,0
16,86,0,43,25,1,68,0,100,35,90,85,50,100,13,75,0
25,100,0,69,1,20,43,0,87,16,100,61,72,100,29,96,0
51,99,17,86,0,42,24,2,73,0,100,38,87,82,42,100,0
95,31,44,2,0,26,11,69,60,100,100,73,84,30,40,0,0
41,90,0,68,9,9,57,0,100,30,91,84,45,100,5,73,0
43,100,9,64,0,19,44,0,90,22,100,66,66,99,15,88,0
36,95,10,59,19,10,66,0,100,37,97,85,48,100,0,81,0
11,50,0,16,38,0,79,8,100,46,76,84,37,100,0,84,0
40,100,7,73,0,34,23,0,74,6,100,40,89,77,46,95,0
56,100,19,76,0,37,13,0,66,9,100,41,94,80,44,84,0
6,91,0,43,25,0,78,9,100,53,82,98,32,100,13,55,0
47,89,20,55,36,6,80,0,100,45,77,90,32,100,0,67,0
44,100,8,78,0,41,14,6,66,0,99,30,100,67,56,78,0
26,98,14,82,0,37,32,0,91,14,100,59,71,100,25,99,0
27,96,0,59,1,10,38,0,75,20,100,59,75,97,36,100,0
35,100,0,67,4,19,52,0,100,18,100,66,60,97,10,89,0
30,90,0,56,2,18,46,0,87,28,100,66,78,100,21,100,0
31,100,0,69,0,27,37,0,87,11,100,51,71,85,23,85,0
9,97,0,48,22,1,75,0,100,46,87,97,39,100,5,58,0
34,100,2,82,0,28,32,0,70,10,100,44,89,90,53,100,0
43,100,15,71,0,35,13,0,71,20,100,54,100,91,39,97,0
40,100,13,69,0,30,22,0,73,19,100,53,92,91,39,95,0
54,87,14,56,0,17,40,0,79,32,100,70,74,100,28,73,0
100,67,70,100,24,88,0,46,9,0,57,2,92,34,91,75,0
19,59,22,8,60,0,92,31,100,78,65,100,27,88,0,51,0
43,91,9,59,0,14,43,0,85,22,100,67,68,100,21,97,0
38,64,8,67,0,20,40,0,85,26,100,69,63,100,21,87,0
21,100,7,51,37,89,39,87,44,20,0,0,30,2,100,7,1
55,72,100,100,97,96,81,59,72,22,19,3,0,0,74,6,1
18,70,49,100,47,86,36,40,4,7,0,0,50,4,100,9,1
28,55,63,78,100,100,75,71,56,42,35,13,0,0,25,0,1
10,77,0,52,30,100,31,100,44,44,18,0,21,8,100,12,1
0,39,47,63,88,87,100,100,76,75,53,50,29,25,29,0,1
0,69,60,82,100,100,90,79,81,58,69,37,67,16,69,0,1
100,100,83,93,67,78,54,62,38,47,29,31,12,15,0,0,1
0,71,71,94,89,100,76,74,73,49,78,23,84,3,100,0,1
0,12,25,38,48,65,77,90,100,100,97,66,91,32,88,0,1
0,68,31,77,81,100,94,96,88,71,81,48,81,24,100,0,1
0,68,48,81,86,100,100,97,87,73,81,49,80,24,71,0,1
0,28,35,51,67,75,100,100,96,81,77,54,58,27,46,0,1
0,54,0,72,42,90,91,100,100,76,74,51,48,26,26,0,1
44,85,100,100,83,85,61,68,44,51,31,34,17,17,0,0,1
0,60,37,78,79,96,100,100,79,75,59,50,40,25,22,0,1
0,50,45,70,80,92,100,100,80,75,59,50,52,25,52,0,1
23,71,52,100,40,91,40,57,40,24,0,0,29,4,100,4,1
100,100,91,86,71,72,53,58,38,44,24,29,11,15,0,0,1
0,54,61,75,100,100,94,98,65,74,42,49,35,23,68,0,1
0,48,36,63,68,84,100,100,86,75,72,50,58,24,55,0,1
0,50,52,75,100,100,92,63,80,26,45,0,12,3,90,2,1
57,70,81,100,72,71,60,35,50,0,0,4,49,6,100,9,1
0,27,33,50,76,74,90,100,81,80,76,53,79,26,100,0,1
83,85,57,77,60,83,65,100,72,55,87,10,0,0,100,2,1
0,63,29,83,67,100,100,97,84,72,61,48,40,23,19,0,1
80,100,100,97,75,82,55,66,35,50,20,34,5,16,0,0,1
0,37,35,57,67,80,100,100,87,76,69,50,56,25,46,0,1
0,74,44,86,94,100,100,85,79,64,54,42,31,21,8,0,1
100,100,87,86,60,71,40,57,20,43,20,29,13,14,0,0,1
0,43,30,54,60,77,91,100,100,84,86,56,74,28,70,0,1
100,80,100,100,77,97,63,77,43,58,29,38,11,19,0,0,1
0,49,27,64,65,84,100,100,83,75,62,50,46,25,33,0,1
20,63,40,98,44,100,40,63,40,25,0,1,20,1,100,0,1
11,31,0,51,59,76,100,100,67,77,44,51,33,26,48,0,1
14,70,46,100,48,78,41,36,21,0,0,3,50,1,100,1,1
100,100,93,85,67,72,47,58,27,42,7,28,0,14,13,0,1
100,88,100,100,83,83,65,66,46,50,28,33,11,17,0,0,1
67,63,78,83,100,100,83,80,61,60,33,40,11,20,0,0,1
8,58,56,77,100,100,88,95,60,72,36,48,12,24,0,0,1
0,39,35,55,68,77,100,100,96,76,77,50,56,25,36,0,1
24,70,0,74,48,97,100,100,95,76,86,50,81,24,81,0,1
0,37,50,49,80,74,100,100,96,76,86,50,70,23,59,0,1
18,73,62,100,53,85,53,53,52,20,0,0,8,6,100,6,1
29,47,59,71,100,100,90,81,74,50,66,18,0,0,99,7,1
0,68,50,100,57,96,56,54,56,13,36,6,1,0,100,1,1
0,62,27,73,66,90,100,100,80,74,59,48,42,21,36,0,1
0,68,47,82,89,100,100,90,81,67,58,45,34,22,13,0,1
4,62,25,76,76,97,100,100,75,74,47,49,18,23,0,0,1
35,94,0,74,75,97,100,100,70,75,45,50,25,25,0,0,1
0,46,45,56,85,75,100,100,98,71,93,42,80,14,80,0,1
0,81,41,79,79,96,100,100,95,74,87,49,78,23,78,0,1
0,48,26,69,64,89,100,100,80,76,61,51,48,25,56,0,1
70,100,100,97,70,81,45,65,30,49,20,33,0,16,0,0,1
0,40,38,60,74,80,100,100,76,76,55,50,38,25,22,0,1
0,65,33,84,78,100,100,94,75,71,48,48,23,24,4,0,1
0,78,40,82,69,100,61,69,62,37,66,6,18,0,100,5,1
0,41,23,65,63,87,100,100,90,75,73,51,67,25,67,0,1
0,54,47,78,69,100,53,68,33,35,0,6,31,0,100,7,1
0,60,42,80,90,100,100,97,84,72,68,47,55,22,45,0,1
0,54,16,68,59,83,99,100,100,90,74,62,51,32,34,0,1
0,37,39,53,71,76,100,100,88,81,67,53,45,25,17,0,1
0,46,37,60,69,80,100,100,94,78,88,51,85,24,87,0,1
64,67,95,100,83,88,73,48,53,11,0,0,42,0,100,2,1
39,76,68,100,49,61,40,21,19,0,0,4,50,6,100,5,1
0,67,44,80,88,100,100,88,88,66,69,44,50,22,50,0,1
100,100,95,85,84,70,71,55,55,41,36,27,14,13,0,0,1
100,100,42,89,26,74,11,59,5,45,0,29,0,14,21,0,1
100,100,66,89,48,75,34,60,17,45,10,30,3,15,0,0,1
0,75,60,100,69,89,66,51,73,13,13,2,35,0,100,3,1
0,28,22,49,58,74,92,100,100,90,78,59,55,29,46,0,1
0,40,29,57,65,78,100,100,93,80,74,53,55,26,38,0,1
0,45,35,66,74,90,100,100,78,75,52,50,30,25,24,0,1
0,60,39,74,73,91,100,100,80,75,67,51,51,25,39,0,1
18,76,50,86,100,100,93,80,70,60,48,40,23,20,0,0,1
4,61,26,97,38,100,28,60,16,21,0,2,49,2,100,0,1
38,58,85,86,85,100,70,60,59,21,0,0,23,3,100,8,1
0,34,34,55,70,77,100,100,95,78,84,51,73,26,64,0,1
38,100,100,92,88,77,75,62,50,46,25,30,12,15,0,0,1
0,38,36,55,66,78,97,100,100,88,88,58,77,29,66,0,1
10,66,30,100,39,90,45,54,41,17,0,0,43,4,100,3,1
0,60,40,87,57,100,52,66,55,32,43,2,24,0,100,5,1
22,65,56,100,57,88,49,35,31,0,0,6,52,8,100,12,1
0,61,24,71,62,90,100,100,86,74,68,49,51,23,41,0,1
40,74,87,93,100,100,81,73,79,47,64,20,15,0,0,6,1
0,0,27,24,51,53,75,81,100,100,92,67,86,34,86,1,1
0,43,13,66,45,88,77,100,68,74,68,48,70,22,100,0,1
0,57,14,73,54,90,100,100,100,74,80,47,55,22,49,0,1
100,100,82,91,65,75,50,59,35,43,18,28,9,12,0,0,1
0,68,43,82,90,100,100,94,87,71,78,47,76,23,81,0,1
0,56,56,69,82,92,92,100,85,75,85,50,86,24,100,0,1
7,66,74,94,100,100,89,58,83,16,15,0,0,3,94,4,1
25,67,52,100,58,92,55,46,33,7,0,0,50,2,100,3,1
8,56,53,77,100,100,100,99,79,71,74,42,60,14,0,0,1
9,79,81,99,100,100,81,73,77,45,74,17,0,0,15,3,1
31,74,71,100,74,79,62,35,44,0,0,4,50,4,100,7,1
33,70,68,100,68,78,61,36,42,5,0,2,50,2,100,0,1
0,51,25,74,49,100,49,81,52,54,56,28,68,2,100,0,1
8,79,47,100,47,86,39,48,45,12,100,8,44,5,0,0,1
35,64,58,100,63,91,57,50,48,10,0,1,50,0,100,1,1
0,61,42,78,81,98,100,100,84,74,72,49,65,23,65,0,1
23,72,77,94,77,100,64,63,48,26,0,0,5,6,100,8,1
30,63,45,100,48,99,46,59,38,19,0,0,47,1,100,3,1
33,65,68,100,73,89,56,40,37,0,0,8,50,5,100,6,1
16,70,39,75,80,100,62,68,53,36,50,6,0,0,100,3,1
0,62,47,79,92,100,100,92,98,68,96,45,92,21,92,0,1
0,48,30,66,72,87,100,100,73,75,47,50,22,25,0,0,1
0,62,54,76,87,98,100,100,98,75,98,50,98,24,96,0,1
0,65,46,91,50,100,50,62,52,23,4,2,12,5,100,0,1
46,65,81,100,70,82,60,28,24,0,0,0,50,3,100,9,1
33,65,81,88,100,100,88,70,74,41,52,13,0,0,81,1,1
0,44,37,59,71,78,100,100,88,82,70,55,55,28,43,0,1
15,67,44,100,51,91,44,44,29,0,0,1,50,4,100,2,1
0,41,50,71,91,100,74,59,65,16,17,0,27,4,100,5,1
0,37,30,58,65,78,100,100,75,77,52,52,33,26,18,0,1
0,39,4,57,51,79,100,100,96,81,68,54,40,27,15,0,1
0,53,26,84,32,100,33,65,36,29,3,0,6,2,100,6,1
0,68,45,75,80,95,100,100,98,75,96,50,92,25,88,0,1
0,51,21,68,63,88,100,100,79,75,58,50,37,25,30,0,1
22,57,0,63,46,82,94,100,100,80,78,53,56,27,44,0,1
0,69,26,77,92,97,100,100,76,75,55,50,39,25,29,0,1
0,67,53,82,100,100,86,84,75,63,67,42,63,21,55,0,1
0,77,35,100,47,95,44,61,38,27,0,0,36,3,100,5,1
4,54,55,75,97,98,100,100,69,75,40,50,13,25,0,0,1
0,67,27,77,67,93,100,100,92,75,85,50,79,25,75,0,1
0,50,38,68,65,93,100,100,88,75,72,50,60,25,45,0,1
20,66,34,100,41,74,29,32,0,0,8,0,54,4,100,11,1
43,83,42,76,52,100,46,44,36,0,0,13,50,12,100,13,1
14,71,72,93,100,100,77,71,53,43,28,16,0,0,91,2,1
0,70,50,84,100,100,94,82,81,56,65,29,50,3,54,0,1
0,43,19,64,56,82,93,100,100,86,75,58,49,30,31,0,1
0,45,32,65,67,82,100,100,75,76,51,51,28,26,9,0,1
0,53,33,71,76,93,100,100,79,74,53,49,28,25,12,0,1
8,44,0,66,50,89,100,100,83,75,61,50,56,25,61,0,1
0,59,40,78,76,100,100,100,82,75,62,49,40,25,29,0,1
11,68,44,100,50,88,36,46,24,5,0,5,50,1,100,0,1
0,25,26,48,66,73,100,100,96,93,72,62,48,31,31,0,1
0,5,53,33,90,65,100,98,83,100,73,67,73,33,77,0,1
0,46,47,71,66,100,59,98,59,68,68,38,87,8,100,0,1
0,52,34,63,66,82,100,100,94,78,78,52,62,26,55,0,1
0,56,34,77,69,100,100,95,84,72,62,47,41,24,25,0,1
53,62,70,73,77,100,70,75,63,48,35,22,0,5,100,0,1
43,100,22,60,38,63,31,64,41,19,0,0,45,2,100,7,1
0,72,54,82,96,100,100,88,85,66,69,44,54,22,42,0,1
32,64,50,100,52,92,42,53,38,14,0,0,50,0,100,5,1
0,55,34,87,53,100,49,63,47,26,12,0,34,5,100,5,1
0,45,46,68,77,93,100,100,92,74,92,48,95,23,74,0,1
86,93,100,100,64,84,39,67,22,51,8,34,0,17,0,0,1
0,58,40,79,83,100,100,92,87,69,73,46,63,22,80,0,1
0,36,30,59,66,79,100,100,76,75,50,51,26,26,17,0,1
0,71,59,78,96,100,100,84,94,60,88,35,80,11,84,0,1
0,56,44,88,67,100,68,54,70,7,11,1,37,0,100,3,1
12,72,75,91,100,100,56,80,19,60,6,40,0,20,0,0,1
0,40,37,61,68,85,98,100,100,75,95,50,85,24,80,0,1
12,77,36,90,44,100,37,63,46,27,100,21,47,8,0,0,1
0,53,45,68,80,90,100,100,98,75,98,50,95,25,93,0,1
100,100,0,86,0,72,0,57,0,43,0,28,50,14,50,0,1
0,33,40,52,73,75,100,100,100,86,87,58,76,29,73,0,1
100,84,27,100,0,85,0,68,13,51,20,34,27,17,60,0,1
0,73,33,81,89,100,100,85,92,63,78,41,58,20,28,0,1
0,52,39,67,80,88,100,100,82,76,69,51,59,25,51,0,1
0,71,36,67,73,77,100,100,98,95,86,62,74,30,60,0,1
0,62,31,82,100,100,100,80,81,60,38,40,6,20,12,0,1
0,55,39,74,76,95,100,100,87,75,72,50,61,25,57,0,1
49,72,99,97,100,100,81,60,66,20,0,0,9,3,99,8,1
0,42,29,62,66,82,100,100,77,76,55,51,38,25,23,0,1
31,96,44,76,24,100,41,50,48,7,0,0,49,14,100,23,1
100,93,86,100,70,84,54,67,41,50,27,33,14,17,0,0,1
0,65,51,74,87,96,100,100,78,75,54,50,32,25,12,0,1
0,60,45,83,66,100,56,64,62,27,44,0,36,1,100,1,1
41,69,76,100,73,81,57,39,46,0,0,10,50,9,100,10,1
58,50,88,84,100,100,84,60,80,19,40,0,0,4,64,5,1
3,62,28,94,39,100,41,60,36,22,0,0,50,7,100,13,1
0,65,47,78,80,100,73,61,71,22,42,0,46,6,100,2,1
0,26,15,47,60,73,100,100,87,87,64,58,43,29,25,0,1
100,100,100,96,79,80,50,64,36,48,14,31,0,16,7,0,1
7,64,57,80,100,100,87,85,74,59,67,34,52,9,0,0,1
0,70,63,80,90,100,100,89,100,67,92,44,84,22,71,0,1
13,59,0,63,42,82,90,100,100,80,80,54,59,27,45,0,1
0,49,16,59,52,80,90,100,100,84,82,56,64,28,50,0,1
0,48,36,61,69,78,100,100,95,94,70,64,48,34,33,0,1
0,43,36,59,70,78,100,100,79,76,56,51,32,26,10,0,1
0,100,57,94,100,78,100,63,100,47,86,31,71,15,100,0,1
0,55,20,68,65,88,100,100,76,75,51,50,28,25,11,0,1
0,73,59,85,100,100,84,80,72,60,59,40,50,20,53,0,1
0,63,19,73,58,97,65,100,58,73,50,48,54,22,100,0,1
0,64,43,81,100,100,74,83,43,62,13,42,4,20,9,0,1
0,67,49,83,100,100,81,80,60,60,40,40,33,20,47,0,1
0,46,37,65,74,85,100,100,82,74,63,49,40,24,15,0,1
0,44,30,61,67,80,100,100,96,80,83,53,68,26,62,0,1
0,69,36,84,77,99,100,100,78,76,57,51,38,26,28,0,1
0,66,33,67,65,82,95,100,100,92,80,62,67,29,78,0,1
46,67,71,100,60,73,58,33,51,0,0,1,62,3,100,8,1
0,38,42,60,74,100,62,61,55,17,3,1,19,0,100,5,1
0,64,56,81,100,100,96,85,80,64,68,42,44,21,36,0,1
0,82,42,100,73,100,63,58,52,16,19,8,50,3,100,0,1
0,40,26,65,60,85,97,100,100,82,74,56,48,29,30,0,1
0,45,35,62,67,82,100,100,91,74,74,50,56,24,38,0,1
0,69,42,87,100,100,75,79,50,59,25,39,17,19,67,0,1
15,73,42,100,32,72,27,39,44,7,100,0,52,5,0,3,1
0,60,9,62,54,81,99,100,100,82,76,55,52,28,33,0,1
0,61,26,75,59,86,90,100,100,91,83,61,67,33,62,0,1
0,50,51,73,85,100,75,67,53,36,15,8,25,2,100,0,1
0,26,34,45,68,71,100,100,86,87,59,55,32,22,5,0,1
0,38,30,62,48,87,76,100,79,74,76,49,76,24,100,0,1
0,50,32,76,60,100,63,64,62,29,30,6,40,1,100,0,1
0,75,29,79,71,91,100,100,82,74,68,48,57,21,58,0,1
0,39,44,60,83,83,100,100,73,76,50,51,33,26,22,0,1
0,51,35,69,78,91,100,100,81,75,62,50,40,25,24,0,1
0,48,35,64,66,82,100,100,94,75,85,50,84,24,93,0,1
0,72,32,100,45,99,42,68,39,37,20,7,26,2,100,0,1
0,57,15,62,59,80,100,100,100,83,78,55,57,28,37,0,1
0,62,50,81,100,100,96,87,71,64,46,43,25,21,32,0,1
0,57,31,69,66,85,100,100,88,75,73,50,61,23,53,0,1
0,59,46,70,86,91,100,100,95,75,92,50,89,25,95,0,1
0,33,34,52,64,76,93,100,100,90,88,60,75,30,64,0,1
0,69,56,76,85,99,98,100,100,75,97,50,92,25,92,0,1
0,47,41,65,76,88,100,100,74,75,49,51,31,26,24,0,1
0,59,16,73,77,95,100,100,70,75,45,50,25,25,34,0,1
80,65,100,100,86,82,72,43,53,6,0,0,41,2,97,1,1
0,34,55,65,89,100,82,58,82,17,39,1,9,0,100,1,1
52,68,94,100,84,99,70,58,58,17,0,0,22,1,100,5,1
41,89,75,99,100,100,83,79,59,59,35,39,10,19,0,0,1
0,55,40,63,77,79,100,100,91,76,88,50,88,24,94,0,1
34,100,0,51,18,87,12,97,36,44,16,0,34,8,100,14,1
53,64,73,100,70,83,67,42,36,11,0,0,49,4,100,9,1
0,62,38,79,77,97,100,100,84,75,64,51,52,26,56,0,1
0,33,35,52,67,75,97,100,100,90,83,61,68,31,56,0,1
0,91,44,100,74,78,71,51,48,26,12,5,42,0,100,1,2
9,67,32,100,58,79,43,42,17,8,0,0,49,12,100,1,2
19,89,64,100,70,61,41,27,0,4,4,3,52,4,100,0,2
16,73,38,100,60,76,40,43,7,16,0,9,50,0,100,1,2
28,75,49,100,57,63,34,26,0,3,26,11,66,0,100,5,2
0,87,23,100,47,85,33,53,17,21,33,0,66,8,100,18,2
39,97,64,100,50,68,26,42,0,21,34,11,68,0,100,19,2
0,85,32,100,64,87,50,57,28,29,24,0,63,5,100,15,2
19,76,53,100,92,81,73,40,33,13,0,0,49,5,100,6,2
14,77,37,100,51,74,32,41,0,18,33,16,68,0,100,18,2
33,80,67,100,100,76,80,38,42,12,0,6,42,19,87,0,2
47,72,69,100,100,83,83,46,47,17,0,0,40,7,94,4,2
30,82,52,100,100,85,81,53,38,28,0,26,56,17,97,0,2
0,78,23,100,77,99,100,75,70,50,30,28,29,6,84,0,2
63,81,95,100,95,62,66,26,21,0,0,15,48,35,100,15,2
39,60,64,100,96,84,69,41,25,12,0,15,50,0,100,4,2
0,76,24,100,65,97,61,63,40,31,6,5,51,2,100,0,2
48,62,60,100,61,56,37,19,0,0,20,13,60,8,100,1,2
0,81,33,100,52,79,36,49,12,22,7,0,53,4,100,7,2
49,79,69,100,90,72,67,43,29,21,0,3,50,6,100,0,2
47,100,77,100,72,55,42,19,0,0,5,12,52,7,100,0,2
17,85,18,100,46,70,39,35,0,14,34,8,88,0,100,23,2
0,80,34,100,60,80,34,53,1,29,0,4,49,0,100,1,2
0,75,29,100,68,97,70,61,43,29,18,2,59,0,100,3,2
21,82,55,100,69,65,40,26,0,0,4,6,51,6,100,5,2
20,73,39,100,55,69,32,31,0,4,22,0,61,1,100,2,2
16,71,20,100,52,81,36,49,5,22,0,2,50,3,100,0,2
0,79,35,100,87,99,100,71,63,46,23,24,46,4,98,0,2
0,77,40,95,87,100,100,73,71,47,34,25,17,0,67,1,2
12,96,60,100,96,81,60,55,16,33,0,8,55,2,100,0,2
0,93,43,100,93,90,89,63,60,39,28,17,44,0,100,4,2
4,82,47,100,84,85,77,50,44,21,0,13,53,16,100,0,2
49,76,47,93,100,100,88,57,48,24,0,0,43,11,97,0,2
23,66,31,100,61,84,48,46,20,13,0,0,50,2,100,2,2
0,82,24,100,54,99,50,61,34,27,41,0,71,6,100,17,2
0,75,29,100,74,93,69,60,41,29,0,3,37,0,100,6,2
43,80,46,100,83,79,61,39,20,12,0,14,51,16,100,0,2
37,100,57,91,47,50,22,20,0,17,33,17,66,4,100,0,2
13,65,39,100,72,82,49,44,11,15,0,0,50,4,100,6,2
36,65,49,100,73,71,58,33,27,1,0,1,50,6,100,0,2
14,65,35,100,64,79,48,41,16,11,0,8,50,9,100,0,2
4,66,27,100,47,73,29,30,0,3,31,5,65,3,100,0,2
26,59,43,100,55,68,35,25,0,0,17,14,59,3,100,10,2
20,93,74,100,100,83,78,64,41,46,0,29,11,11,78,0,2
28,75,57,100,93,82,71,51,33,26,0,0,49,5,100,16,2
12,78,43,100,100,97,78,66,38,40,0,13,38,0,100,3,2
33,78,67,100,68,67,36,40,0,17,27,1,72,0,100,2,2
0,93,43,100,78,83,66,55,36,31,11,6,53,0,100,1,2
37,82,57,100,53,65,30,36,0,16,30,0,66,2,100,19,2
42,79,53,100,68,75,48,48,17,24,0,10,50,7,100,0,2
33,91,79,100,100,79,79,56,41,37,0,20,37,7,93,0,2
9,93,53,100,89,80,57,52,17,30,0,5,50,2,100,0,2
0,82,37,100,75,87,61,55,34,27,9,5,56,5,100,0,2
13,76,35,100,57,74,40,42,10,14,0,13,51,11,100,0,2
0,82,28,100,62,87,54,54,27,28,22,10,61,4,100,0,2
43,80,28,100,60,73,40,38,0,14,0,3,50,0,100,0,2
3,85,42,100,88,89,65,60,26,36,0,11,51,0,100,2,2
23,75,54,100,62,58,39,18,0,0,14,19,57,5,100,10,2
0,80,28,100,55,82,37,48,11,20,24,3,62,1,100,0,2
4,73,44,100,83,81,55,43,12,15,0,22,52,20,100,0,2
48,68,57,100,92,91,76,54,45,21,0,0,45,22,100,4,2
0,76,27,100,63,82,58,40,26,12,20,16,60,8,100,0,2
0,85,32,100,76,91,70,65,38,43,11,20,50,6,100,0,2
24,85,69,100,70,68,43,35,7,9,0,0,50,7,100,1,2
6,73,36,100,45,66,31,30,0,0,5,10,52,7,100,9,2
23,80,60,100,100,88,81,61,43,40,0,23,11,5,64,0,2
0,83,30,100,78,96,100,74,70,51,37,30,35,7,83,0,2
2,66,26,100,78,99,77,64,41,34,0,7,47,3,100,0,2
26,95,58,100,73,74,55,47,27,23,0,0,49,2,100,2,2
0,88,26,100,56,86,45,51,26,19,34,0,69,2,100,10,2
0,82,23,98,65,100,75,72,53,43,28,16,58,2,100,0,2
0,88,24,100,40,76,24,50,4,25,23,4,62,0,100,0,2
0,70,22,99,50,100,45,59,28,22,39,0,69,4,100,8,2
0,73,26,100,66,97,62,63,37,33,12,6,58,0,100,2,2
0,79,25,100,62,98,69,66,47,37,27,8,63,1,100,0,2
72,77,97,100,100,73,74,42,40,16,0,0,36,6,82,4,2
25,71,44,100,65,81,37,52,0,30,9,18,54,10,100,0,2
0,95,40,100,74,80,40,55,1,35,15,12,63,8,100,0,2
23,86,62,100,71,71,41,43,0,24,7,17,52,7,100,0,2
25,76,45,100,77,66,57,25,9,3,0,7,53,6,100,0,2
24,78,43,100,54,75,30,43,0,16,27,4,66,0,100,22,2
13,71,38,100,63,82,38,47,0,21,8,20,54,0,100,14,2
27,82,52,100,62,72,32,45,0,20,11,0,55,2,100,6,2
26,87,64,100,66,57,39,21,0,0,15,29,57,21,100,21,2
60,74,89,100,96,78,68,50,34,24,0,2,51,7,100,0,2
17,83,57,100,87,83,61,58,27,36,0,13,51,8,100,0,2
14,65,36,100,67,82,50,40,17,6,0,0,50,4,100,2,2
0,72,22,100,51,80,31,49,0,21,4,9,54,13,100,0,2
34,80,61,100,56,60,28,28,0,0,33,5,67,7,100,7,2
8,85,46,100,58,73,36,42,5,15,0,0,50,0,100,2,2
0,94,6,100,44,100,39,63,19,29,24,0,63,5,100,17,2
0,71,29,100,70,88,65,38,28,10,11,16,56,11,100,0,2
7,69,17,100,30,70,20,33,0,2,25,0,62,2,100,7,2
11,75,26,100,46,81,28,46,0,17,21,19,59,0,100,11,2
39,81,58,100,83,67,70,30,33,0,0,8,50,23,100,3,2
37,78,60,100,81,75,63,46,29,24,0,1,50,0,100,4,2
0,82,35,100,74,97,68,64,40,37,18,15,58,6,100,0,2
0,69,37,96,100,100,100,65,68,34,20,9,32,0,97,1,2
15,74,39,100,69,81,42,46,0,20,20,22,61,0,100,15,2
31,76,62,100,89,82,61,52,24,26,0,10,50,7,100,0,2
0,77,20,100,50,86,34,51,6,23,20,7,60,4,100,0,2
0,70,19,100,43,77,36,44,13,15,11,15,57,14,100,0,2
0,80,38,100,50,70,30,37,0,8,3,3,52,5,100,0,2
10,81,44,100,57,74,32,42,0,16,16,5,58,4,100,0,2
0,81,27,100,58,90,45,58,25,30,23,0,61,2,100,6,2
65,82,93,100,93,71,69,44,36,20,0,0,48,12,100,16,2
0,63,36,100,81,93,66,44,30,5,0,0,47,19,100,10,2
14,88,62,100,97,86,70,62,34,42,0,20,45,6,100,0,2
0,74,16,100,35,79,20,48,1,18,19,0,60,2,100,11,2
0,69,29,100,49,75,33,36,3,4,9,14,54,6,100,0,2
0,75,19,99,57,100,66,73,56,46,38,20,55,2,100,0,2
0,79,47,96,100,100,80,74,39,51,5,26,25,4,82,0,2
55,66,51,100,86,87,63,42,25,9,0,4,50,8,100,0,2
14,77,34,100,52,74,30,41,0,13,25,5,66,0,100,23,2
42,83,54,100,50,64,28,33,0,13,34,0,70,1,100,23,2
38,67,50,100,73,67,41,26,0,2,9,12,54,1,100,0,2
4,68,28,98,75,100,64,65,31,36,0,8,43,0,100,6,2
40,80,63,100,100,91,84,67,52,46,18,28,0,6,47,0,2
32,65,44,100,89,80,81,39,46,5,0,1,48,24,100,0,2
1,73,29,100,74,97,56,63,21,34,0,4,50,0,100,0,2
23,72,44,100,73,86,51,50,19,20,0,8,50,0,100,11,2
26,88,49,100,56,74,32,45,0,21,24,5,67,0,100,23,2
42,67,69,100,79,59,47,22,2,0,0,16,50,24,100,19,2
57,56,37,92,88,100,94,63,51,34,0,12,41,4,100,0,2
0,81,34,100,68,83,56,52,24,29,16,20,64,17,100,0,2
32,84,66,100,70,57,40,25,0,15,23,33,63,22,100,0,2
0,69,27,95,66,100,76,66,61,31,37,1,58,0,100,6,2
0,54,4,100,43,98,36,48,10,6,11,2,56,9,100,0,2
28,72,60,100,88,73,56,37,9,14,0,14,52,0,100,5,2
24,86,57,100,55,72,30,47,0,26,31,9,69,1,100,0,2
9,77,18,100,74,95,66,68,34,43,0,19,37,2,100,0,2
14,69,39,100,53,71,35,33,0,8,28,12,72,0,100,26,2
18,92,66,100,93,81,49,56,0,35,14,16,75,10,100,0,2
36,59,56,100,73,62,49,22,0,9,34,17,73,0,100,29,2
36,60,40,100,57,68,36,29,0,3,15,8,59,0,100,10,2
22,90,67,100,87,80,61,57,30,34,0,12,41,0,100,1,2
11,74,22,100,93,98,91,69,49,41,0,17,25,0,100,6,2
2,85,29,100,37,71,23,41,0,15,17,0,58,2,100,8,2
31,87,57,100,55,65,30,37,0,14,26,9,62,5,100,0,2
16,65,29,100,59,83,38,41,0,12,8,16,55,0,100,7,2
10,64,29,100,60,90,46,52,19,18,0,8,50,5,100,0,2
13,78,40,100,53,71,32,34,0,13,25,7,62,0,100,1,2
29,71,45,100,83,78,68,38,33,7,0,9,52,20,100,0,2
0,88,34,99,70,100,68,71,46,43,33,11,64,0,100,5,2
0,81,26,100,62,100,67,74,59,50,47,24,61,3,100,0,2
41,84,59,100,53,69,28,40,0,14,32,16,67,0,100,21,2
0,89,27,100,42,75,29,45,15,15,37,0,69,2,100,6,2
0,79,25,100,49,80,27,48,0,19,24,1,62,0,100,2,2
0,91,32,100,49,77,39,50,21,25,20,5,60,3,100,0,2
50,60,47,100,92,95,88,47,48,15,0,0,49,5,100,3,2
49,76,63,100,67,77,34,53,0,29,8,13,53,1,100,0,2
38,68,56,100,54,50,32,8,0,0,28,16,63,2,100,8,2
1,68,4,100,55,77,55,31,7,2,0,6,60,0,100,19,2
7,57,15,93,65,100,67,63,44,27,0,0,36,11,100,11,2
8,68,33,100,52,79,31,42,0,14,24,0,64,1,100,19,2
37,85,74,100,73,68,49,38,19,10,0,4,51,10,100,0,2
0,53,34,88,88,100,100,67,63,31,16,3,41,0,98,4,2
44,81,68,100,85,74,69,46,40,21,0,0,41,5,100,8,2
54,78,77,100,64,60,36,27,0,2,12,4,56,2,100,0,2
6,61,33,100,61,76,39,27,0,1,17,3,61,0,100,3,2
31,72,56,100,70,76,47,45,15,17,0,4,50,0,100,0,2
23,98,53,100,57,63,29,35,0,9,25,0,62,3,100,3,2
21,78,51,100,57,62,33,27,0,1,23,10,62,12,100,0,2
17,73,41,100,55,73,32,39,0,12,13,4,58,0,100,8,2
0,71,28,100,65,83,55,40,20,12,13,16,57,11,100,0,2
0,83,34,100,49,68,28,30,0,1,25,0,62,7,100,7,2
35,83,69,100,100,79,84,52,47,31,0,12,14,0,77,2,2
0,80,22,100,24,66,7,34,0,14,34,9,69,4,100,0,2
0,72,1,100,49,100,72,71,43,39,10,10,51,0,100,1,2
0,88,40,100,59,69,36,36,0,11,9,13,57,15,100,0,2
0,77,27,100,54,89,33,60,11,32,16,3,58,0,100,3,2
0,80,25,100,56,97,61,61,40,29,38,0,69,0,100,4,2
3,68,21,100,52,87,32,51,0,22,15,4,61,0,100,14,2
21,74,30,100,72,77,66,36,31,2,0,14,52,24,100,0,2
0,57,27,90,84,100,100,66,67,33,21,7,24,0,84,2,2
44,73,66,100,100,88,74,57,33,32,0,21,53,19,99,0,2
10,81,42,100,48,67,35,34,7,4,0,7,49,0,100,0,2
0,82,33,100,61,87,49,50,24,18,24,0,68,0,100,8,2
54,69,78,100,70,55,39,18,0,0,16,23,58,18,100,10,2
0,87,32,100,55,79,51,48,33,21,25,0,62,0,100,4,2
43,91,79,100,63,67,34,38,0,14,11,13,56,9,100,0,2
0,84,45,100,100,95,99,65,65,38,24,15,29,1,86,0,2
37,75,46,100,69,80,40,44,1,15,0,16,50,7,100,0,2
9,77,26,100,52,76,37,44,7,17,0,0,54,1,100,4,2
33,76,41,100,57,71,34,37,0,14,25,16,65,0,100,17,2
0,89,15,100,56,97,39,64,12,33,12,2,57,0,100,11,2
0,71,22,100,61,91,49,54,21,22,6,0,53,8,100,7,2
20,79,58,100,80,76,46,50,0,33,4,21,50,5,100,0,2
0,66,24,96,56,100,45,63,24,30,15,0,57,4,100,7,2
9,89,54,100,74,74,56,44,25,18,0,3,50,5,100,0,2
0,88,27,100,49,74,39,41,16,16,36,4,68,0,100,0,2
68,93,100,100,97,76,72,57,43,38,13,21,0,1,39,0,2
36,72,47,100,78,76,55,38,17,8,0,5,50,13,100,0,2
10,71,44,100,67,76,52,37,24,4,0,5,49,9,100,0,2
42,79,45,100,79,86,60,46,29,12,0,6,50,10,100,0,2
48,96,67,100,68,57,40,23,0,15,19,30,59,12,100,0,2
42,80,72,100,98,67,74,29,31,3,0,15,51,14,100,0,2
21,87,61,100,71,66,38,36,0,12,15,1,60,1,100,0,2
0,83,37,100,61,81,44,53,19,27,3,0,51,3,100,7,2
58,64,69,100,91,71,72,33,36,4,0,1,50,6,100,0,2
6,67,31,100,66,91,48,52,17,19,0,0,50,3,100,3,2
53,85,60,100,57,67,32,39,0,15,29,5,69,0,100,24,2
42,75,70,100,75,66,51,29,14,0,0,6,49,13,100,15,2
28,87,70,100,68,68,40,39,5,13,0,9,51,8,100,0,2
0,65,24,95,56,100,54,59,34,23,33,0,66,4,100,5,2
0,80,35,100,69,78,49,41,10,15,5,27,53,15,100,0,2
0,70,6,98,46,100,76,77,50,46,24,17,58,0,100,1,2
0,95,35,100,59,78,61,52,46,27,22,5,56,0,100,1,2
36,89,73,100,75,74,48,51,14,30,0,10,51,8,100,0,2
16,67,35,100,50,70,36,34,15,0,0,21,48,20,100,9,2
0,89,28,100,64,85,43,61,9,44,23,21,62,11,100,0,2
37,65,52,100,57,64,31,26,0,9,31,18,65,0,100,5,2
0,78,23,100,52,88,39,62,25,37,11,12,47,0,100,4,2
33,76,68,100,71,64,42,29,4,0,0,15,49,15,100,7,2
23,90,55,100,54,66,26,40,0,31,32,19,65,2,100,0,2
0,87,35,100,71,87,61,53,33,28,21,3,60,0,100,0,2
11,72,38,100,53,72,34,35,5,3,0,1,52,0,100,1,2
38,67,44,100,85,96,71,58,40,24,0,7,43,17,100,0,2
8,72,41,100,70,72,47,35,9,7,0,6,50,9,100,0,2
29,97,59,100,46,72,14,58,0,43,32,27,64,9,100,0,2
29,94,54,100,54,64,31,32,0,10,26,7,62,3,100,0,2
49,73,69,100,100,77,82,40,47,11,0,0,43,11,95,11,2
0,64,16,100,47,79,35,40,6,6,11,9,58,0,100,4,2
11,72,28,100,66,78,56,38,19,10,0,6,50,5,100,0,2
9,74,38,100,53,78,30,43,0,17,27,8,63,6,100,0,2
0,74,28,100,69,99,79,63,59,28,28,0,57,0,100,2,2
23,79,57,100,78,79,51,50,10,31,0,17,49,7,100,0,2
7,79,36,100,54,78,30,49,0,24,9,6,55,3,100,0,2
17,100,46,89,40,58,17,34,0,8,33,5,67,4,100,0,2
46,99,82,100,82,72,77,56,100,31,75,7,38,0,0,6,3
0,86,45,100,95,93,75,69,95,39,100,7,50,0,1,12,3
0,86,51,100,81,83,47,58,80,45,100,20,58,0,1,1,3
23,67,31,94,90,100,80,75,76,44,100,14,56,0,0,5,3
46,76,66,100,100,84,74,58,88,44,95,18,52,0,0,5,3
0,81,20,100,64,100,100,85,72,60,35,42,46,21,79,0,3
5,85,47,100,95,93,55,70,78,50,100,29,49,14,0,0,3
40,84,61,100,87,83,53,60,96,47,100,23,55,5,0,0,3
0,86,47,100,100,91,68,72,58,51,74,31,76,10,11,0,3
35,77,44,100,100,99,71,69,80,39,90,7,33,0,0,24,3
4,88,39,100,59,78,60,55,100,42,88,19,47,6,0,0,3
48,80,50,100,100,99,78,69,76,49,91,18,45,0,0,9,3
47,87,89,100,91,75,67,56,100,39,80,11,37,0,0,18,3
54,77,47,98,100,100,93,74,77,43,96,11,46,0,0,16,3
47,80,57,100,100,90,70,63,93,34,74,5,28,0,0,25,3
16,78,44,100,95,95,75,66,51,43,100,31,59,9,0,0,3
44,86,71,100,100,88,73,69,61,51,68,26,36,10,0,0,3
38,69,43,95,100,100,96,73,53,51,76,26,52,0,0,2,3
0,92,54,100,65,83,63,63,85,44,100,24,63,8,7,0,3
0,87,47,100,97,87,94,69,92,50,100,31,81,13,22,0,3
68,77,77,100,100,87,65,66,81,44,98,21,52,7,0,0,3
16,81,48,100,75,80,36,62,89,49,100,19,53,0,0,3,3
49,100,79,95,61,63,67,47,100,27,73,4,31,0,0,13,3
59,86,60,100,96,91,71,63,87,47,100,21,57,2,0,0,3
0,89,10,100,46,82,11,58,32,50,94,43,100,18,52,0,3
0,80,34,100,86,100,83,73,51,50,100,37,85,12,36,0,3
51,79,78,100,100,79,67,53,96,42,96,13,49,0,0,11,3
0,90,46,100,100,98,87,76,56,56,74,34,56,12,8,0,3
20,82,62,100,100,81,68,54,82,50,89,19,42,0,0,13,3
11,84,52,100,100,96,83,66,72,50,87,16,45,0,0,11,3
55,85,67,100,86,75,67,47,100,31,83,9,38,0,0,8,3
30,82,64,100,100,84,68,62,62,47,85,23,50,3,0,0,3
20,76,50,100,100,95,75,69,90,51,88,23,49,0,0,7,3
5,82,3,100,86,90,85,64,28,42,100,24,84,2,0,0,3
0,100,38,97,44,76,47,54,73,37,100,21,74,6,35,0,3
45,84,68,100,77,73,53,45,100,35,86,11,37,0,0,16,3
0,83,11,100,56,93,53,67,66,42,100,20,73,1,16,0,3
57,82,81,100,84,78,57,57,100,51,86,20,47,2,0,0,3
16,72,46,100,85,97,72,60,100,46,86,13,43,0,0,9,3
33,75,46,100,78,86,57,56,100,40,96,11,46,0,0,13,3
40,87,87,100,100,75,59,53,88,50,91,19,48,0,0,11,3
26,85,68,100,91,79,68,54,83,40,100,16,56,0,0,7,3
15,90,57,100,82,85,60,62,100,47,86,23,44,8,0,0,3
39,94,74,100,62,74,66,67,100,45,85,16,36,0,0,12,3
7,95,54,100,100,95,76,76,49,56,47,32,43,9,0,0,3
53,98,88,100,100,80,78,60,58,40,57,17,35,0,0,3,3
40,83,71,100,99,79,66,54,84,44,100,18,56,0,0,3,3
56,71,40,98,93,100,85,65,72,50,100,21,54,0,0,12,3
51,93,86,100,80,69,54,44,100,37,94,10,48,1,0,0,3
42,98,89,100,73,72,59,52,100,32,88,3,41,0,0,19,3
45,85,80,100,76,72,58,58,100,44,87,13,39,0,0,16,3
44,81,72,100,100,82,64,58,99,42,93,13,47,1,0,0,3
30,84,63,100,90,86,67,58,100,39,75,13,36,0,0,13,3
22,86,74,100,96,72,67,42,100,42,98,12,30,0,0,19,3
4,87,53,100,76,78,47,51,97,38,100,11,46,0,0,7,3
24,92,68,100,100,83,57,68,80,41,89,14,41,9,0,0,3
32,82,67,100,100,85,69,58,70,36,88,10,44,0,0,7,3
19,86,63,100,89,80,51,57,72,37,100,14,49,0,0,2,3
23,71,41,100,88,93,64,60,99,43,100,9,50,0,0,12,3
14,82,45,100,57,74,43,53,100,51,100,25,58,5,0,0,3
20,77,54,100,100,94,81,64,79,44,94,15,48,0,0,14,3
13,89,54,100,100,97,90,72,68,48,73,21,44,1,0,0,3
15,81,54,100,91,81,43,55,44,49,100,32,66,3,0,0,3
52,84,79,100,100,84,77,63,72,34,67,8,33,0,0,2,3
11,85,31,100,92,95,75,63,46,36,100,16,62,0,0,9,3
17,82,50,100,86,86,56,57,97,46,100,17,51,0,0,6,3
16,89,54,100,94,88,61,65,100,43,96,12,50,1,0,0,3
39,96,79,100,93,79,67,57,100,38,88,13,46,0,0,2,3
28,88,58,100,61,74,46,54,95,45,100,20,54,5,0,0,3
54,88,85,100,100,82,70,60,91,37,86,11,43,0,0,14,3
35,76,57,100,100,92,68,66,81,38,82,9,32,0,0,17,3
64,77,86,100,100,79,83,54,79,28,90,5,36,0,0,1,3
65,78,77,100,100,76,66,53,99,32,83,7,35,0,0,11,3
38,85,73,100,100,86,68,65,87,42,81,15,42,0,0,12,3
30,88,76,100,88,71,59,43,100,41,98,10,47,0,0,16,3
49,85,78,100,92,85,74,55,100,35,80,11,41,0,0,0,3
0,98,34,100,53,78,47,47,72,26,100,8,68,0,36,8,3
20,87,60,100,100,94,75,68,83,40,87,12,46,0,0,1,3
19,79,53,100,91,92,83,65,93,45,100,22,54,6,0,0,3
52,91,72,100,87,70,57,43,100,45,90,15,43,0,0,12,3
21,93,64,100,100,83,71,57,94,34,95,12,48,5,0,0,3
38,85,69,100,76,75,55,50,100,34,77,11,28,0,0,8,3
29,88,77,100,81,74,47,51,100,49,98,20,56,0,0,4,3
0,83,35,100,86,88,42,63,52,47,100,27,60,4,2,0,3
0,82,41,100,95,92,83,62,73,50,100,21,59,0,5,9,3
0,73,25,100,69,95,55,58,100,56,90,21,47,0,2,8,3
33,90,66,100,66,71,63,64,100,44,78,14,27,0,0,24,3
43,83,54,100,73,79,51,60,100,49,88,19,42,0,0,10,3
12,82,55,100,81,88,51,61,99,51,100,21,56,2,0,0,3
0,77,18,100,62,100,71,72,72,41,100,17,75,0,32,4,3
47,87,75,100,80,73,85,54,100,31,74,8,38,0,0,5,3
28,89,64,100,100,92,79,71,59,51,68,27,39,9,0,0,3
44,86,62,100,74,75,63,47,100,30,81,5,37,0,0,12,3
0,100,45,100,68,83,76,66,89,48,100,30,87,12,53,0,3
30,83,61,100,93,81,53,59,89,48,100,19,56,0,0,0,3
42,87,77,100,75,76,70,52,100,34,88,10,44,0,0,5,3
36,80,67,100,100,92,75,63,99,41,94,16,49,3,0,0,3
27,86,50,100,100,95,64,72,50,47,80,21,53,0,0,3,3
33,77,64,100,100,89,68,62,78,43,86,12,44,0,0,2,3
0,82,44,98,100,100,93,75,53,55,78,35,58,13,7,0,3
54,84,81,100,91,79,66,55,100,39,86,12,42,0,0,14,3
20,80,54,100,100,95,74,65,83,41,93,9,47,0,0,2,3
48,86,92,100,100,79,58,62,80,48,75,17,33,0,0,15,3
0,67,35,98,88,100,64,65,49,39,100,22,63,0,8,1,3
0,86,33,100,60,81,58,59,96,44,100,14,62,0,20,6,3
34,99,14,98,68,100,84,68,70,43,100,11,53,0,0,8,3
1,72,39,100,90,92,50,64,52,53,100,35,60,8,0,0,3
17,84,64,100,97,82,66,55,60,40,100,23,60,0,0,6,3
30,86,67,100,77,77,53,50,78,40,100,17,56,0,0,5,3
14,90,51,100,68,78,71,53,100,34,79,11,41,1,0,0,3
0,67,28,94,91,100,90,73,69,53,100,25,61,0,11,5,3
30,74,55,100,89,87,66,56,100,38,92,8,41,0,0,20,3
17,80,48,100,70,77,56,54,100,45,91,13,48,0,0,6,3
52,79,71,100,92,78,67,52,100,35,84,9,39,0,0,8,3
12,76,47,100,100,98,97,72,52,54,74,30,52,5,0,0,3
25,79,58,100,88,84,56,56,79,43,100,19,54,0,0,8,3
23,88,68,100,100,84,73,60,82,37,98,12,52,0,0,3,3
9,80,24,98,88,100,78,72,65,52,100,30,64,5,0,0,3
25,77,43,100,82,84,65,58,97,41,100,16,53,5,0,0,3
37,84,69,100,96,87,55,61,88,38,100,9,51,0,0,3,3
33,100,84,95,81,73,58,56,100,38,99,13,51,0,0,2,3
38,91,78,100,100,74,68,55,82,46,88,13,45,0,0,5,3
63,79,67,100,100,100,84,73,69,50,73,23,41,4,0,0,3
0,79,31,100,79,95,51,66,82,50,100,21,58,0,12,12,3
24,99,77,100,95,70,44,51,73,47,100,18,55,0,0,8,3
28,74,57,100,81,74,38,47,78,49,100,18,49,0,0,12,3
38,71,48,95,100,100,87,72,83,48,92,20,49,0,0,0,3
0,86,34,100,60,86,42,60,70,43,100,26,70,8,29,0,3
45,87,41,100,89,96,54,65,68,55,100,26,60,0,0,3,3
38,89,84,100,79,73,46,49,91,42,100,16,52,0,0,7,3
15,86,49,100,100,99,93,78,57,60,64,36,42,15,0,0,3
17,85,54,100,90,84,89,57,100,36,97,11,49,0,0,1,3
38,82,80,100,88,72,39,50,84,47,100,14,47,0,0,13,3
39,83,58,100,100,90,80,63,94,37,80,9,35,0,0,17,3
44,92,62,100,100,91,76,64,91,43,83,14,42,0,0,13,3
0,88,30,100,68,90,60,62,72,37,100,16,70,0,27,1,3
27,100,75,100,76,75,52,52,92,34,100,9,51,0,0,4,3
23,82,58,100,87,86,62,57,100,49,85,19,45,2,0,0,3
26,89,64,100,81,82,73,61,100,37,81,11,41,0,0,5,3
40,80,60,100,100,89,59,64,60,48,100,27,60,2,0,0,3
36,80,71,100,97,79,70,49,100,37,88,5,41,0,0,15,3
0,82,38,100,71,79,40,51,59,41,100,20,64,0,9,5,3
75,86,100,100,95,78,65,57,90,36,81,10,42,0,0,0,3
0,90,61,100,85,83,44,64,51,48,100,32,63,13,5,0,3
28,90,58,100,97,80,69,52,86,36,100,9,51,0,0,5,3
18,73,29,100,92,98,61,71,55,49,100,24,65,0,0,2,3
5,90,55,100,78,84,31,65,71,51,100,23,52,5,0,0,3
4,85,39,100,83,85,57,60,59,41,100,21,62,0,0,1,3
0,86,39,100,89,95,73,74,70,52,100,33,100,13,50,0,3
14,84,24,100,81,89,42,65,27,47,100,37,71,12,0,0,3
10,78,49,100,100,98,69,68,85,43,100,14,51,2,0,0,3
27,86,70,100,77,77,50,53,96,40,100,19,52,6,0,0,3
8,92,52,100,91,88,76,61,92,37,100,14,51,3,0,0,3
24,78,56,100,96,83,77,53,100,39,97,10,46,0,0,18,3
0,88,45,100,66,72,27,48,59,43,100,21,60,0,7,4,3
52,98,100,100,100,80,63,61,93,40,96,16,51,3,0,0,3
31,81,51,100,83,85,50,62,88,41,100,14,53,0,0,5,3
2,73,10,98,73,100,60,73,70,44,100,15,47,2,0,0,3
0,91,41,100,67,76,53,61,99,48,100,15,54,0,6,7,3
0,78,34,100,80,91,63,57,57,43,100,25,72,0,24,1,3
51,87,78,100,95,79,99,50,100,22,71,6,35,1,0,0,3
67,93,100,100,88,77,59,56,87,34,92,9,46,0,0,4,3
18,82,53,100,76,79,45,64,90,45,100,14,52,0,0,5,3
45,75,22,99,70,100,100,80,62,50,88,23,48,0,0,8,3
38,95,87,100,82,65,53,45,100,44,93,11,38,0,0,25,3
20,85,62,100,71,72,45,52,98,47,100,17,53,0,0,0,3
0,89,34,100,61,85,52,60,66,37,100,21,86,4,44,0,3
26,92,64,100,100,94,79,73,61,50,64,25,37,7,0,0,3
6,90,63,100,98,91,63,72,84,50,100,27,57,10,0,0,3
25,90,24,100,61,90,31,64,77,53,100,27,68,4,0,0,3
35,72,26,94,91,100,82,67,64,51,100,26,53,0,0,3,3
54,89,75,100,90,75,69,48,100,30,83,8,40,0,0,8,3
58,88,96,100,100,82,81,57,88,30,85,7,42,0,0,5,3
8,81,42,98,92,100,100,79,63,60,65,36,44,14,0,0,3
17,77,50,100,100,99,60,75,83,52,97,16,51,0,0,0,3
7,89,54,100,69,76,40,52,91,45,100,19,52,6,0,0,3
24,91,49,100,68,84,51,59,78,37,100,15,56,1,0,0,3
2,83,32,100,69,84,41,59,76,40,100,15,54,0,0,10,3
4,84,50,100,57,79,39,52,90,41,100,15,52,0,0,5,3
31,98,50,100,100,82,61,59,29,43,95,32,65,12,0,0,3
49,84,55,100,100,98,72,72,48,50,81,31,49,8,0,0,3
11,82,45,100,93,91,77,64,82,40,100,14,53,3,0,0,3
30,85,68,100,54,78,60,65,100,46,85,15,38,0,0,16,3
30,83,64,100,100,85,64,63,98,41,98,14,48,0,0,10,3
31,87,59,100,59,69,74,64,100,42,84,11,44,0,0,0,3
4,89,43,100,63,79,28,55,63,41,100,25,53,9,0,0,3
13,90,64,100,90,74,39,58,97,53,100,20,51,0,0,12,3
14,81,23,100,81,97,61,66,60,50,100,33,60,7,0,0,3
24,83,58,100,86,83,66,57,100,35,87,6,42,0,0,13,3
48,86,64,100,94,80,58,54,100,52,87,19,43,0,0,7,3
4,81,35,100,45,75,25,56,82,53,100,25,57,6,0,0,3
0,72,18,100,68,98,63,73,89,41,100,5,53,0,6,12,3
0,89,38,100,65,85,55,60,69,37,100,18,81,0,45,1,3
19,73,54,91,100,100,99,78,86,52,78,26,43,8,0,0,3
18,78,53,100,85,85,48,61,71,46,100,20,56,0,0,5,3
49,78,69,100,100,95,76,72,61,46,59,18,33,0,0,12,3
0,92,38,100,87,93,70,71,72,47,100,22,64,3,15,0,3
12,86,62,100,92,86,54,64,81,46,100,22,62,0,0,5,3
7,85,29,100,28,70,26,55,83,58,100,31,55,11,0,0,3
0,88,55,100,85,79,21,55,22,48,100,39,73,13,1,0,3
27,83,50,100,77,84,36,62,69,42,100,17,55,0,0,3,3
6,75,36,97,92,100,69,75,66,51,100,30,54,12,0,0,3
50,96,89,100,92,71,66,48,100,29,80,4,36,0,0,10,3
0,88,45,100,100,99,96,76,69,54,69,29,69,5,18,0,3
36,70,53,99,100,100,88,68,85,43,91,13,47,0,0,12,3
21,86,55,100,87,79,62,49,83,38,100,12,52,0,0,4,3
39,83,63,100,78,78,71,61,100,39,78,11,36,0,0,17,3
58,84,91,100,100,84,77,60,87,35,80,10,41,1,0,0,3
7,89,52,100,81,82,46,59,55,37,100,18,56,3,0,0,3
0,71,40,91,85,100,92,75,68,48,100,22,70,3,22,0,3
29,89,84,100,80,73,36,50,94,38,100,9,41,0,0,17,3
100,100,65,78,29,57,0,34,57,39,77,51,58,26,51,0,4
4,100,0,72,15,44,79,50,100,76,90,51,83,22,85,0,4
69,100,24,81,0,50,47,36,100,60,80,60,39,32,25,0,4
39,100,10,76,0,41,52,25,89,45,100,67,78,33,57,0,4
78,100,43,92,0,73,14,54,83,55,100,43,63,22,29,0,4
31,100,15,84,2,65,0,45,20,29,48,21,79,14,100,0,4
0,100,3,84,5,60,16,37,60,35,80,45,80,21,100,0,4
31,100,12,74,0,46,55,42,100,51,78,59,78,29,83,0,4
43,100,10,80,0,51,43,29,95,40,100,53,61,28,39,0,4
26,100,0,84,22,56,100,57,52,92,48,85,44,36,40,0,4
77,100,47,64,0,36,34,39,100,39,93,73,61,38,37,0,4
26,100,0,77,7,47,68,44,100,65,90,64,85,32,81,0,4
58,100,23,77,0,47,52,34,100,50,97,62,76,31,70,0,4
47,100,38,94,12,68,0,42,48,39,100,52,80,26,83,0,4
39,100,10,74,0,41,60,38,100,49,85,63,60,32,43,0,4
55,100,5,69,0,45,91,53,100,79,57,95,47,45,22,0,4
30,100,33,81,4,54,0,29,70,27,100,49,94,29,98,0,4
35,100,21,73,0,46,18,30,77,30,100,53,87,27,79,0,4
59,100,20,82,0,49,59,35,100,58,91,64,60,32,35,0,4
20,100,7,78,0,44,32,24,89,29,100,55,76,31,55,0,4
49,100,28,74,0,47,5,34,62,39,100,56,79,28,72,0,4
28,100,1,75,0,45,70,38,100,66,88,58,60,29,34,0,4
39,100,10,72,0,39,68,25,100,48,96,65,72,33,68,0,4
31,100,0,81,21,58,100,62,74,88,54,80,58,40,66,0,4
51,100,14,84,0,53,60,47,100,69,78,61,50,31,37,0,4
23,100,17,69,0,35,34,22,100,22,99,39,56,34,43,0,4
63,100,24,88,0,73,4,57,41,45,76,32,92,16,100,0,4
75,100,13,74,6,52,100,50,93,82,68,72,37,36,0,0,4
68,100,32,95,0,61,35,34,99,28,100,66,63,35,33,0,4
46,100,11,80,0,55,51,43,100,62,81,48,65,24,73,0,4
94,100,53,75,11,52,0,41,52,38,99,43,100,38,91,0,4
14,100,14,87,0,59,11,35,100,40,97,54,83,27,100,0,4
29,100,9,82,0,63,6,44,39,35,77,33,100,19,96,0,4
24,100,9,84,0,60,41,43,100,53,76,47,72,23,80,0,4
57,100,25,75,0,52,85,53,100,73,65,85,31,43,2,0,4
49,100,17,82,0,61,0,40,49,38,100,42,88,21,84,0,4
79,100,33,72,0,41,34,20,100,32,92,63,60,32,31,0,4
55,100,22,88,0,72,1,53,32,41,67,32,95,19,100,0,4
74,100,36,82,0,53,25,31,85,33,100,62,61,35,48,0,4
9,100,0,72,7,44,62,28,100,45,86,55,68,27,55,0,4
53,100,34,59,0,22,62,24,100,43,75,82,75,42,75,0,4
44,100,40,67,0,38,83,39,100,67,97,78,96,39,91,0,4
21,100,0,79,0,54,42,37,83,52,79,49,81,24,100,0,4
21,100,4,79,0,47,54,38,100,49,92,66,91,33,92,0,4
39,100,24,70,0,40,49,38,100,40,75,65,52,34,43,0,4
25,100,0,66,14,33,76,29,100,47,74,82,48,42,29,0,4
66,100,26,87,0,68,54,63,100,57,64,40,33,21,9,0,4
21,100,0,68,18,44,70,45,100,54,69,70,68,34,65,0,4
100,100,61,90,13,72,0,54,52,38,93,43,52,23,24,0,4
4,100,18,98,0,58,43,38,100,48,97,79,80,41,77,0,4
71,95,37,79,0,47,90,47,100,68,75,100,63,50,66,0,4
28,95,0,81,27,72,100,67,50,100,47,82,35,30,40,0,4
53,100,33,77,0,55,19,35,87,41,100,46,65,24,47,0,4
38,100,23,84,6,59,0,35,45,21,100,35,85,24,98,0,4
16,100,0,71,12,37,69,27,100,34,75,71,57,40,39,0,4
45,100,34,78,0,51,37,50,95,51,100,62,73,32,57,0,4
68,100,44,64,0,36,42,38,100,41,86,73,59,38,52,0,4
0,100,3,84,1,63,7,43,52,38,55,35,62,14,100,0,4
48,100,26,87,0,60,22,35,100,47,88,54,53,28,47,0,4
42,100,9,79,0,46,48,31,100,46,89,52,46,30,19,0,4
43,100,30,87,0,57,51,61,100,75,80,62,50,31,23,0,4
61,100,32,70,0,41,18,28,77,29,100,49,95,34,92,0,4
44,100,32,71,0,44,29,37,88,49,100,57,75,29,58,0,4
37,100,0,80,16,52,100,55,82,82,52,80,53,39,58,0,4
43,100,27,92,0,62,53,53,100,73,80,60,50,30,19,0,4
30,100,10,85,0,66,0,48,27,34,65,28,96,18,100,0,4
72,100,6,80,0,50,100,54,95,72,67,87,61,41,77,0,4
38,100,0,76,0,47,77,47,100,71,79,64,64,32,56,0,4
48,100,22,79,5,58,0,37,80,39,100,42,72,21,82,0,4
65,100,36,87,0,59,87,63,100,82,75,83,51,41,29,0,4
19,100,35,97,20,59,0,40,65,38,94,56,95,34,100,0,4
69,100,25,86,0,55,100,58,84,86,52,89,51,39,45,0,4
82,93,59,100,20,70,0,43,67,35,92,65,86,29,100,0,4
50,100,44,93,10,69,0,45,75,49,100,46,60,23,33,0,4
56,100,42,78,0,52,29,33,100,37,90,59,70,30,59,0,4
39,100,6,71,0,36,61,26,100,47,98,69,80,35,75,0,4
21,100,21,83,0,55,29,41,85,45,100,55,86,28,86,0,4
43,100,30,82,5,53,0,27,52,39,100,57,83,29,72,0,4
39,100,0,74,19,51,81,52,100,70,70,63,52,32,44,0,4
30,100,28,83,0,52,17,36,98,35,100,65,80,33,66,0,4
41,100,0,82,18,50,81,39,100,58,68,65,37,33,13,0,4
9,100,0,81,0,58,14,35,62,33,79,44,81,21,100,0,4
83,100,47,77,9,51,0,43,59,44,100,58,84,32,87,0,4
68,100,42,75,0,52,44,50,100,66,86,46,51,20,41,0,4
52,100,49,99,0,63,99,53,100,81,81,84,77,42,86,0,4
74,100,47,84,0,66,23,53,84,42,100,44,60,23,33,0,4
32,100,0,72,1,39,50,32,100,35,87,59,77,32,58,0,4
77,100,32,78,0,55,7,34,86,42,100,46,57,24,39,0,4
59,100,9,64,0,23,61,17,100,28,73,82,57,60,50,0,4
56,100,29,74,0,40,51,38,100,44,77,73,58,36,35,0,4
56,97,42,100,0,74,52,60,100,81,74,60,50,30,33,0,4
86,100,49,91,0,54,63,52,100,64,90,98,76,45,69,0,4
17,100,0,74,6,36,77,37,100,63,73,95,71,47,75,0,4
36,100,3,72,0,45,62,50,100,61,95,63,97,30,97,0,4
60,100,46,70,9,40,0,38,57,31,100,53,91,36,75,0,4
12,100,6,77,0,50,37,37,94,44,87,53,92,26,100,0,4
16,100,0,72,17,48,61,46,100,48,93,58,81,29,71,0,4
39,100,0,82,22,55,100,63,62,99,62,81,59,40,60,0,4
28,100,0,73,16,49,75,47,100,63,94,59,93,29,83,0,4
63,100,35,79,0,55,42,39,87,48,85,51,83,20,100,0,4
7,100,2,76,0,46,52,30,100,40,100,58,94,29,93,0,4
19,100,0,63,3,30,63,47,100,77,91,75,77,38,68,0,4
25,100,0,76,11,45,79,46,100,73,86,70,79,35,70,0,4
0,100,13,84,13,52,18,22,60,23,93,39,88,30,100,0,4
60,100,36,67,0,39,46,48,99,58,100,62,77,29,52,0,4
30,100,11,73,0,44,75,44,100,63,97,61,84,30,79,0,4
62,100,30,75,0,49,52,44,100,49,87,58,66,29,50,0,4
49,100,5,87,15,59,92,53,100,84,69,57,35,28,0,0,4
0,100,17,100,10,74,4,48,42,29,100,44,81,25,98,0,4
42,100,13,73,0,42,52,35,100,48,92,56,92,25,97,0,4
38,100,18,88,0,61,15,37,52,35,90,38,100,26,91,0,4
36,100,31,82,0,50,20,26,85,39,100,63,69,32,43,0,4
0,100,5,86,2,66,3,45,38,34,68,39,81,19,100,0,4
0,100,7,77,10,45,66,34,100,57,96,63,79,31,75,0,4
45,100,4,75,0,47,80,39,100,64,82,57,66,28,68,0,4
100,100,73,76,37,49,0,25,51,28,90,40,85,28,88,0,4
53,100,0,77,10,45,100,43,87,66,47,77,35,39,31,0,4
70,100,37,75,0,49,40,39,100,46,87,57,57,29,31,0,4
45,100,2,72,0,49,81,55,100,79,88,66,59,33,33,0,4
69,100,31,73,39,55,89,62,100,84,63,57,31,28,0,0,4
36,100,29,81,0,56,12,32,67,32,95,54,94,26,100,0,4
70,100,51,76,18,49,0,36,53,41,100,44,90,34,84,0,4
26,100,0,75,2,47,61,41,100,63,93,56,84,27,75,0,4
58,100,49,99,23,74,0,51,55,46,100,46,82,26,62,0,4
21,100,15,75,0,45,58,42,92,50,88,61,89,30,100,0,4
25,100,0,68,4,39,75,47,100,53,51,80,49,40,47,0,4
56,100,20,79,0,45,29,18,74,27,100,61,76,35,60,0,4
100,100,73,78,38,59,0,41,33,36,67,43,40,22,27,0,4
46,100,30,79,0,51,43,38,86,47,100,64,81,32,71,0,4
46,100,26,94,0,59,19,43,80,45,100,69,98,36,98,0,4
25,100,16,73,0,44,57,40,100,54,88,58,65,29,51,0,4
10,100,6,82,0,62,4,42,59,34,88,39,80,19,100,0,4
8,100,0,78,8,42,58,43,97,69,100,73,92,37,87,0,4
42,100,22,74,0,48,43,34,97,39,100,53,78,27,64,0,4
29,100,18,72,0,44,54,34,100,41,59,57,46,29,38,0,4
73,100,38,88,11,74,0,55,23,40,62,31,95,18,100,0,4
0,100,21,73,50,52,84,67,100,100,89,69,88,35,86,0,4
61,100,49,80,20,56,0,32,54,23,100,40,74,26,71,0,4
35,100,38,79,6,48,67,39,100,63,76,57,34,30,0,0,4
65,100,46,91,2,58,0,31,66,31,100,60,49,39,20,0,4
30,100,21,71,0,44,68,41,100,54,100,55,98,26,98,0,4
100,100,64,79,27,59,0,38,71,45,98,41,60,21,44,0,4
59,100,11,75,0,43,100,49,66,80,70,83,73,32,74,0,4
35,100,16,68,0,41,92,36,100,74,96,76,83,38,71,0,4
2,100,11,94,0,57,51,41,94,64,100,72,77,36,60,0,4
57,100,30,71,0,42,37,41,88,60,100,65,90,32,92,0,4
36,100,0,76,21,49,73,39,100,60,70,64,72,31,85,0,4
26,100,15,94,0,62,19,37,67,49,100,59,83,30,81,0,4
21,100,8,82,0,63,11,46,39,36,73,30,100,18,100,0,4
46,100,24,84,0,56,13,34,67,29,93,53,91,31,100,0,4
25,100,11,78,0,51,3,26,89,27,100,44,57,26,36,0,4
49,100,5,84,0,48,100,45,80,79,43,89,38,45,37,0,4
14,100,0,75,7,47,72,48,100,62,83,58,82,29,84,0,4
44,100,19,82,0,59,47,48,100,59,80,46,54,24,41,0,4
50,89,52,100,0,67,23,45,96,48,100,76,60,39,38,0,4
36,100,3,88,0,64,54,55,100,67,73,45,46,23,29,0,4
38,100,16,86,0,51,55,45,92,70,100,72,95,36,95,0,4
50,100,27,82,0,58,38,42,100,55,86,48,55,24,34,0,4
47,100,9,76,0,45,59,48,100,73,67,58,36,30,15,0,4
60,100,40,81,0,54,2,43,60,34,100,57,82,36,71,0,4
25,100,7,82,0,46,56,28,100,55,99,73,75,37,66,0,4
55,95,0,73,5,37,90,36,100,75,84,100,76,50,65,0,4
20,92,22,100,0,63,41,40,100,41,95,74,69,39,57,0,4
25,100,0,84,16,63,77,67,100,66,76,45,53,22,34,0,4
35,100,22,64,0,38,100,42,94,61,68,78,63,39,45,0,4
38,100,14,71,0,42,54,51,100,58,64,70,49,35,45,0,4
19,100,14,79,5,59,0,38,27,20,100,34,81,21,70,0,4
71,100,35,82,0,62,45,51,100,49,82,43,52,21,25,0,4
49,100,31,65,0,29,50,31,100,33,87,71,65,35,43,0,4
54,100,18,75,0,55,60,51,100,71,74,56,46,29,28,0,4
20,100,34,93,0,53,4,38,88,50,100,72,99,30,96,0,4
0,100,10,86,14,67,32,50,71,51,82,37,89,18,100,0,4
16,100,0,68,5,36,57,25,100,35,78,61,47,33,34,0,4
33,100,16,84,0,62,24,41,100,48,98,46,91,23,96,0,4
88,100,65,83,33,54,0,30,65,27,100,48,98,31,94,0,4
59,100,0,78,33,53,100,56,67,89,46,73,37,36,29,0,4
100,100,39,84,0,63,37,46,90,62,68,45,46,23,41,0,4
23,100,3,93,0,61,59,43,100,57,76,61,41,32,20,0,4
25,100,16,68,0,34,48,35,90,49,89,58,92,23,100,0,4
33,100,11,75,0,43,44,24,91,30,100,62,76,33,64,0,4
37,100,0,84,6,56,100,58,94,82,58,97,41,48,47,0,4
38,100,0,74,20,48,99,45,100,65,75,63,58,31,43,0,4
11,100,0,78,0,56,39,40,100,50,91,43,75,22,80,0,4
16,100,0,65,43,57,100,70,99,87,97,76,84,38,73,0,4
29,100,21,76,0,47,6,32,79,35,100,58,99,28,93,0,4
56,100,38,69,0,41,44,38,100,40,95,68,80,34,74,0,4
48,100,25,78,0,48,25,30,72,29,94,55,90,32,100,0,4
39,100,17,84,0,63,8,42,42,33,79,30,100,18,78,0,4
19,100,35,93,0,63,12,36,89,37,100,66,94,33,89,0,4
12,100,10,90,0,56,58,43,100,65,97,70,91,35,90,0,4
87,100,54,64,0,31,9,25,96,33,100,65,70,38,41,0,4
42,100,22,76,0,52,26,34,82,41,100,47,74,24,57,0,4
46,100,19,78,0,43,85,40,100,58,68,75,58,38,60,0,4
35,100,1,77,0,57,86,62,100,77,48,81,22,41,6,0,4
46,97,40,100,0,71,63,61,100,75,64,98,46,49,34,0,4
89,100,64,76,25,50,0,30,66,26,95,52,100,31,95,0,4
66,100,32,71,0,43,59,45,100,70,100,65,76,32,50,0,4
26,100,0,88,0,66,7,45,48,27,95,41,86,21,100,0,4
6,100,0,68,37,50,90,51,100,89,79,84,58,43,48,0,4
19,100,1,79,0,57,39,46,87,51,87,41,81,19,100,0,4
56,100,19,71,0,38,45,16,84,39,100,66,69,34,52,0,4
46,100,10,83,34,64,100,77,71,82,49,54,22,27,0,0,4
